UsesId,Email,Login,Password,Name,DateReg
1,gmattis0@ocn.ne.jp,gmattis0,weG75p,Gaye Mattis,30-04-2020
2,cquarterman1@sphinn.com,cquarterman1,vmWtktRl4,Corbin Quarterman,29-12-2022
3,chainsworth2@aol.com,chainsworth2,NEBjjzH,Carlyn Hainsworth,01-12-2022
4,jpatriche3@chicagotribune.com,jpatriche3,YrEQksK3t,Jethro Patriche,28-10-2022
5,scorroyer4@blogspot.com,scorroyer4,aUnR2fSeam,Sherlock Corroyer,22-02-2020
6,lcoulling5@bbc.co.uk,lcoulling5,OsLN8mir7t,Linell Coulling,03-06-2023
7,arosser6@wikimedia.org,arosser6,K9zdumW9ruh,Alla Rosser,11-08-2021
8,ahealeas7@youtube.com,ahealeas7,nOjoG7hV,Antoine Healeas,25-03-2021
9,mboss8@nsw.gov.au,mboss8,hSz60tMb,Michal Boss,13-03-2023
10,besel9@ow.ly,besel9,W3NX7Sh,Barr Esel,26-06-2023
11,lwetterna@comcast.net,lwetterna,EEbJyFanJ0,Leicester Wettern,27-05-2023
12,tcolloughb@godaddy.com,tcolloughb,y6UhdsqJ,Tiphanie Collough,16-01-2020
13,fheppnerc@zdnet.com,fheppnerc,j0rgndrYTJN,Forster Heppner,28-04-2021
14,esebringd@mashable.com,esebringd,pN3Qtss,Ervin Sebring,09-01-2020
15,tbeckinsalee@ebay.com,tbeckinsalee,aODkbJFfA,Twyla Beckinsale,11-01-2022
16,rrawcliffef@fastcompany.com,rrawcliffef,Uqm0RnFU7,Rozella Rawcliffe,29-03-2023
17,lmurdyg@ifeng.com,lmurdyg,EHYBrcvMXG,Lucius Murdy,12-03-2020
18,dcollickh@google.com.au,dcollickh,e3AWM3,Donnajean Collick,17-02-2020
19,dculshewi@bbb.org,dculshewi,jvOICE9sxOr,Dodi Culshew,26-12-2021
20,ysebrookj@guardian.co.uk,ysebrookj,c6GfOk,Yurik Sebrook,13-03-2020
21,rscasek@163.com,rscasek,bzB8yCEBU4T,Rogerio Scase,31-01-2021
22,iheggsl@technorati.com,iheggsl,wvqTB3pSbEA,Inge Heggs,31-07-2021
23,emeadowsm@myspace.com,emeadowsm,ZQbBQzK,Eamon Meadows,02-11-2021
24,tthrowern@irs.gov,tthrowern,nBGxuLUA7vK,Tildi Thrower,03-06-2023
25,jtrevartheno@cdbaby.com,jtrevartheno,7UYvYO6seYH,Josselyn Trevarthen,05-06-2023
26,eoverburyp@live.com,eoverburyp,wsgRhCwMm,Ezequiel Overbury,27-01-2023
27,gdorrianq@wired.com,gdorrianq,exkixLsx,Garwood Dorrian,13-02-2022
28,hpostgater@dyndns.org,hpostgater,YwZKQQvU6Ew,Hali Postgate,19-02-2021
29,pgrgics@domainmarket.com,pgrgics,OJ8AHHD,Patrice Grgic,15-11-2020
30,pwoostert@taobao.com,pwoostert,CkLZPrRFSh,Phaedra Wooster,08-05-2021
31,clantryu@com.com,clantryu,YlyyeAw,Carlene Lantry,23-05-2022
32,hbernardyv@woothemes.com,hbernardyv,nYzCjp29,Humberto Bernardy,03-12-2020
33,hhakeworthw@webnode.com,hhakeworthw,2ZjyHqNWQ,Hamish Hakeworth,28-08-2022
34,tmontfordx@yale.edu,tmontfordx,GyIayh9h,Tobiah Montford,01-01-2022
35,bdumphriesy@acquirethisname.com,bdumphriesy,EYBWjhkpTR,Bren Dumphries,01-11-2021
36,glarensonz@irs.gov,glarensonz,a4QlfI9nXn,Glendon Larenson,12-01-2022
37,rmiguel10@google.ca,rmiguel10,XgMzyg,Raphael Miguel,20-09-2021
38,kdufoure11@discovery.com,kdufoure11,0GoUaX,Karney Dufoure,13-04-2020
39,lfisbburne12@yelp.com,lfisbburne12,gJZfVD4h,Lissy Fisbburne,27-08-2022
40,oicom13@vistaprint.com,oicom13,VbgxqF,Ofella Icom,25-03-2020
41,rwrankmore14@google.it,rwrankmore14,7JWGoI,Rosemaria Wrankmore,10-02-2022
42,pcluckie15@yale.edu,pcluckie15,2CsuKgib79,Piper Cluckie,27-01-2021
43,hownsworth16@furl.net,hownsworth16,WueteK4,Hilary Ownsworth,04-02-2020
44,adalgardno17@domainmarket.com,adalgardno17,VpbKzOlXbiv1,Artus Dalgardno,07-01-2021
45,lbenedettini18@discovery.com,lbenedettini18,5EnzkWjxW,Loydie Benedettini,21-05-2020
46,nblasoni19@nba.com,nblasoni19,7Wk59HF,Nonah Blasoni,18-11-2022
47,toglevie1a@naver.com,toglevie1a,by6T3c6,Tadeas Oglevie,02-09-2020
48,jyeskov1b@rambler.ru,jyeskov1b,NH5yWLVfS,Johnnie Yeskov,20-11-2021
49,dforan1c@newsvine.com,dforan1c,BtU1gNtkSO,Doy Foran,29-04-2021
50,szanettini1d@4shared.com,szanettini1d,WWoSveo1ODJ,Sioux Zanettini,08-02-2021
51,cparks1e@indiatimes.com,cparks1e,Fxsd00bzf,Conway Parks,05-06-2020
52,wwingate1f@creativecommons.org,wwingate1f,QuU1xTK6ooG,Walsh Wingate,19-05-2023
53,htoffolini1g@bloglines.com,htoffolini1g,yYwBMVm,Hulda Toffolini,22-12-2022
54,aadamov1h@yellowbook.com,aadamov1h,xPEd4V8j,Arri Adamov,19-02-2023
55,khatliff1i@cisco.com,khatliff1i,UtOR4XViIW3H,Kristofor Hatliff,07-01-2020
56,mpearmain1j@cam.ac.uk,mpearmain1j,tPxGmp,Murdock Pearmain,19-08-2021
57,scable1k@behance.net,scable1k,m7c00lIG,Starla Cable,23-03-2021
58,eburchell1l@weibo.com,eburchell1l,3ZGyHLERObbI,Ermanno Burchell,01-03-2022
59,tharroll1m@cam.ac.uk,tharroll1m,jaScjQdACEx,Tamarah Harroll,29-05-2023
60,rroscamp1n@reuters.com,rroscamp1n,UrV0srm,Ransell Roscamp,20-05-2020
61,ctreffrey1o@dropbox.com,ctreffrey1o,eToxuZsSO,Charissa Treffrey,05-01-2020
62,ddurtnal1p@devhub.com,ddurtnal1p,4KvrPRTEC,Dante Durtnal,02-10-2021
63,mmullane1q@marketwatch.com,mmullane1q,HNIammH8,Malia Mullane,25-10-2021
64,tflagg1r@accuweather.com,tflagg1r,Sz7Wjbx,Tirrell Flagg,10-05-2020
65,dvenditti1s@google.cn,dvenditti1s,E8SWPn,Dylan Venditti,26-07-2022
66,clambarton1t@gravatar.com,clambarton1t,GpZGCRQQ,Caprice Lambarton,27-09-2020
67,bbox1u@jalbum.net,bbox1u,kixcu8,Boigie Box,06-10-2021
68,dnewsome1v@hhs.gov,dnewsome1v,N0pQLwBO,Daryl Newsome,27-12-2020
69,iroderighi1w@seesaa.net,iroderighi1w,IOsr7u6YPvA,Ignacius Roderighi,19-04-2021
70,rmcaline1x@nyu.edu,rmcaline1x,sVGXEe,Regina McAline,16-09-2020
71,wbowling1y@state.tx.us,wbowling1y,4bLAYVtUdqH,Webster Bowling,14-04-2020
72,jworshall1z@geocities.com,jworshall1z,83VJssEe,Jaclyn Worshall,09-02-2023
73,pdevote20@hp.com,pdevote20,3d1GrMA992G,Patty Devote,14-03-2023
74,nwolledge21@sciencedirect.com,nwolledge21,nprIpfLSIO,Nelson Wolledge,17-02-2023
75,kboich22@ucoz.ru,kboich22,mkxoxS,Katerina Boich,28-05-2020
76,spiwell23@statcounter.com,spiwell23,vs74iUN0EhZW,Sharon Piwell,26-12-2020
77,rrolingson24@ca.gov,rrolingson24,BrxYeZDZa,Robby Rolingson,01-04-2020
78,aamphlett25@ca.gov,aamphlett25,N1XjlA,Aaren Amphlett,28-09-2020
79,lfowlds26@si.edu,lfowlds26,dZ8uNAzy8Al,Lyndsay Fowlds,14-03-2023
80,gnazer27@disqus.com,gnazer27,Rz5p5wc1,Gillian Nazer,06-07-2020
81,frayne28@wired.com,frayne28,o8Alrf,Ferne Rayne,13-11-2020
82,dandrysek29@wufoo.com,dandrysek29,mx2Jxz,Dru Andrysek,06-12-2021
83,nkarpets2a@prweb.com,nkarpets2a,idBfuqB9Gv,Neddy Karpets,28-07-2021
84,hveljes2b@google.ru,hveljes2b,sBDZOVtR,Harley Veljes,16-04-2020
85,estorck2c@vinaora.com,estorck2c,cGupXtIUv,Ermanno Storck,29-10-2022
86,bschermick2d@ezinearticles.com,bschermick2d,5bNXCH1PC2Y,Benson Schermick,08-04-2023
87,jduckworth2e@spotify.com,jduckworth2e,TYe2aiV,Juditha Duckworth,12-08-2020
88,dchristene2f@ted.com,dchristene2f,3lesfC,Druci Christene,18-05-2021
89,ipetchell2g@home.pl,ipetchell2g,96IJzUtOn,Isadore Petchell,28-08-2022
90,ebockmann2h@barnesandnoble.com,ebockmann2h,sPoZai,Elle Bockmann,30-04-2023
91,cimorts2i@reddit.com,cimorts2i,nhyJHirs,Corissa Imorts,07-06-2022
92,bbellas2j@toplist.cz,bbellas2j,yrhN42a,Bernadene Bellas,17-03-2022
93,esneden2k@dell.com,esneden2k,BJK2zU,Everard Sneden,27-03-2020
94,btargetter2l@blogspot.com,btargetter2l,4nEOjF3d,Barbabra Targetter,18-03-2021
95,aiddenden2m@furl.net,aiddenden2m,g2KZdwSQTC,Amalee Iddenden,20-11-2021
96,bfrissell2n@goodreads.com,bfrissell2n,v1Bli53J,Betteann Frissell,29-03-2022
97,belvidge2o@t.co,belvidge2o,dxA2GlJl,Bat Elvidge,25-11-2022
98,sbuckmaster2p@dedecms.com,sbuckmaster2p,HLXmOF,Sheelah Buckmaster,08-04-2020
99,fdebenham2q@discuz.net,fdebenham2q,ZCsIuGt,Fina Debenham,18-12-2021
100,ediggons2r@google.es,ediggons2r,BgVmua,Elga Diggons,12-07-2022
101,ysamter2s@pinterest.com,ysamter2s,4BQifygo8oNv,Yvon Samter,05-04-2021
102,whelder2t@house.gov,whelder2t,etrWKXz7YR7,Winfred Helder,07-03-2023
103,ascottrell2u@hao123.com,ascottrell2u,DexOlLqebxIC,Alayne Scottrell,31-03-2023
104,bpetrillo2v@g.co,bpetrillo2v,14jTyRYUZoJT,Bax Petrillo,02-10-2022
105,eparker2w@google.com.au,eparker2w,x9tt33cZDxBG,Ernesta Parker,13-12-2021
106,tlottrington2x@shutterfly.com,tlottrington2x,LePtcjP,Terencio Lottrington,21-12-2021
107,gbaumadier2y@hatena.ne.jp,gbaumadier2y,TgItijVPjn7,Giordano Baumadier,17-10-2022
108,ahaddy2z@fda.gov,ahaddy2z,Yh32qT,Allie Haddy,22-03-2021
109,gfreke30@last.fm,gfreke30,xkckyMgR,Gage Freke,17-10-2022
110,edowns31@fda.gov,edowns31,napgnYUC199M,Eugenius Downs,16-02-2022
111,ttebbett32@fc2.com,ttebbett32,0HZ8a3lkO,Travus Tebbett,29-07-2020
112,tmcentegart33@nbcnews.com,tmcentegart33,4iHHI09rzV0,Theda McEntegart,21-04-2023
113,hsamwell34@phoca.cz,hsamwell34,3I6d8NHW1,Hymie Samwell,19-01-2021
114,bbenthall35@ca.gov,bbenthall35,PVkqQ2Zu,Bar Benthall,12-01-2020
115,mstendall36@oaic.gov.au,mstendall36,FUp5TA,Marlo Stendall,05-04-2021
116,hswannell37@guardian.co.uk,hswannell37,iD0hF03qG42n,Huey Swannell,24-05-2020
117,eeliasson38@cyberchimps.com,eeliasson38,OpgWFNstH,Eldin Eliasson,09-01-2020
118,ahaffner39@oracle.com,ahaffner39,0s0KecjjXX5,Anett Haffner,14-01-2023
119,sfoucher3a@google.com.hk,sfoucher3a,5ZFBLWC,Sherill Foucher,02-04-2022
120,sbrownsey3b@indiatimes.com,sbrownsey3b,8HjdK2h,Stesha Brownsey,26-03-2022
121,oelphick3c@taobao.com,oelphick3c,usE2z6Mab06K,Olivia Elphick,18-07-2022
122,averdon3d@wikimedia.org,averdon3d,8g76LVg,Audi Verdon,03-06-2020
123,asnowman3e@mediafire.com,asnowman3e,9eyRUQW,Adrea Snowman,29-04-2023
124,xarnott3f@seattletimes.com,xarnott3f,vRy3vE8wo,Xylina Arnott,04-02-2023
125,otimmens3g@ox.ac.uk,otimmens3g,QUubqHo2,Orrin Timmens,18-07-2021
126,ddauber3h@desdev.cn,ddauber3h,lcd8ZuSqK,Dayle Dauber,11-01-2023
127,eoxbie3i@sourceforge.net,eoxbie3i,QcS6mfdO,Etienne Oxbie,27-08-2021
128,hhawford3j@infoseek.co.jp,hhawford3j,GEoLeLGackM9,Hildagarde Hawford,22-11-2022
129,jdrewson3k@walmart.com,jdrewson3k,mkpMZhpQWlL,Juli Drewson,12-02-2023
130,kaburrow3l@bloglovin.com,kaburrow3l,XbKaJ2vblvB,Kahaleel Aburrow,26-03-2022
131,bde3m@booking.com,bde3m,QHSjjt,Bunni de Pinna,22-11-2020
132,lcaldero3n@nyu.edu,lcaldero3n,eHkLrmaxc,Lynelle Caldero,13-11-2021
133,mcollington3o@unicef.org,mcollington3o,pIwYubgcnxG,Mandel Collington,01-01-2020
134,ltapsfield3p@google.cn,ltapsfield3p,G7wGkbhL,Linnet Tapsfield,18-06-2023
135,rfurniss3q@sphinn.com,rfurniss3q,bzTq080,Rozella Furniss,01-09-2021
136,rwallett3r@cisco.com,rwallett3r,jvZtHLS6Twh,Roi Wallett,23-05-2023
137,hblois3s@amazon.de,hblois3s,c08139uZB,Helen-elizabeth Blois,17-05-2020
138,dhart3t@europa.eu,dhart3t,5lRtHR70z7,Darius Hart,28-11-2021
139,nibel3u@blogs.com,nibel3u,ShylXrLX,Nan Ibel,05-03-2020
140,jarkle3v@vk.com,jarkle3v,kdyJTvRES,Jennette Arkle,08-08-2021
141,rmain3w@earthlink.net,rmain3w,ib5Jpa,Russell Main,29-01-2021
142,jlavington3x@csmonitor.com,jlavington3x,BwStKi,Jervis Lavington,11-03-2021
143,sfarnfield3y@mac.com,sfarnfield3y,cKbFLJUu,Saleem Farnfield,13-01-2022
144,ioldacre3z@purevolume.com,ioldacre3z,MJzzsUlNCh,Isacco Oldacre,07-02-2020
145,onelm40@disqus.com,onelm40,cAFoXRPXG,Oran Nelm,02-02-2020
146,ygibbings41@w3.org,ygibbings41,ARQOYJbBG,Yule Gibbings,10-10-2020
147,lhark42@sfgate.com,lhark42,A3xgYIZ446s6,Lauryn Hark,26-05-2023
148,ksindell43@cpanel.net,ksindell43,jRY5vHAH8ir2,Katlin Sindell,23-10-2021
149,tfrotton44@sbwire.com,tfrotton44,RYoUM4QQ3UY,Trenton Frotton,27-12-2020
150,cenric45@squidoo.com,cenric45,vOVuaZ,Correy Enric,01-07-2022
151,eandras46@timesonline.co.uk,eandras46,A4OoavpzR,Elladine Andras,16-03-2021
152,griccard47@wordpress.com,griccard47,bIOaBNu1NJ9E,Gilburt Riccard,17-10-2021
153,vbeadnell48@examiner.com,vbeadnell48,K2eKVrB,Vickie Beadnell,21-12-2022
154,hcamell49@skype.com,hcamell49,yPDPIRGlB9b,Hermina Camell,26-10-2020
155,dburgen4a@live.com,dburgen4a,NLwWu5EgYzlO,Delmer Burgen,13-05-2022
156,scasier4b@prweb.com,scasier4b,0HXuoMbKaSDY,Salomone Casier,18-06-2021
157,ghance4c@usda.gov,ghance4c,O9ifmSJstmai,Gusella Hance,18-01-2020
158,hhandrok4d@aol.com,hhandrok4d,oOcjvpkt,Hollie Handrok,17-12-2022
159,pperris4e@angelfire.com,pperris4e,KHS7qxJ,Pierre Perris,07-01-2023
160,kpardi4f@sbwire.com,kpardi4f,l9Q7dC,Kris Pardi,18-05-2020
161,awatters4g@cargocollective.com,awatters4g,E4OoBGiMk,Alphonse Watters,03-08-2021
162,hdaens4h@wordpress.org,hdaens4h,WnmfT6c4PQu,Hershel Daens,19-09-2021
163,eingrey4i@hao123.com,eingrey4i,KlGN4jJRJ,Elia Ingrey,09-11-2021
164,afarreil4j@creativecommons.org,afarreil4j,A2RDIDdc,Alisander Farreil,26-05-2021
165,amcilheran4k@fema.gov,amcilheran4k,LgKa5iHOX1uQ,Aleece McIlheran,26-02-2022
166,hsanches4l@livejournal.com,hsanches4l,qKKvaWd7Sa,Holden Sanches,17-09-2020
167,erandles4m@wufoo.com,erandles4m,wiMnxNjZHF,Emelyne Randles,22-01-2023
168,gatlay4n@goo.gl,gatlay4n,wRkH9vJ8gR,Gav Atlay,08-11-2021
169,lrevelle4o@altervista.org,lrevelle4o,CAMDDu,Lothario Revelle,09-04-2022
170,pwolstenholme4p@scientificamerican.com,pwolstenholme4p,qK8ocEdPv,Percival Wolstenholme,02-03-2022
171,chatherleigh4q@sun.com,chatherleigh4q,7QZOuveaHw,Caprice Hatherleigh,10-07-2021
172,wrime4r@vinaora.com,wrime4r,2nyF6C7NtE8,Winnifred Rime,22-11-2020
173,nlongdon4s@ask.com,nlongdon4s,ROVh1OeWo,Norman Longdon,26-06-2021
174,dleal4t@sohu.com,dleal4t,NqaDybO3,Dion Leal,12-10-2020
175,mpersey4u@webs.com,mpersey4u,C5iDOUQ3GSJY,Maressa Persey,20-07-2020
176,qceller4v@bbc.co.uk,qceller4v,rI756QDapq,Quintina Celler,11-05-2021
177,ctuke4w@wordpress.org,ctuke4w,Hlhela2,Cort Tuke,02-06-2023
178,sanglin4x@studiopress.com,sanglin4x,U4UUc0,Silvia Anglin,18-07-2020
179,amintram4y@foxnews.com,amintram4y,BfXwHG7ETr2j,Aaron Mintram,15-10-2020
180,stutin4z@washingtonpost.com,stutin4z,RsOII0MTk4Xh,Shawna Tutin,17-01-2022
181,braunds50@statcounter.com,braunds50,w5sPdEASqh1u,Brose Raunds,12-01-2023
182,syansons51@dagondesign.com,syansons51,MuhUctZT,Sasha Yansons,17-05-2021
183,jbedwell52@ebay.co.uk,jbedwell52,Fh1ng72,Jelene Bedwell,17-01-2021
184,gburnall53@hc360.com,gburnall53,mOiRKT,Georgeanne Burnall,02-08-2020
185,jgofton54@ihg.com,jgofton54,NyOjP3,Jackelyn Gofton,30-05-2023
186,hdoull55@rambler.ru,hdoull55,gsJiJmU,Hildy Doull,05-12-2021
187,krussan56@indiegogo.com,krussan56,n8TBHH,Koo Russan,16-04-2023
188,rclapston57@wiley.com,rclapston57,lvjuedr,Ruy Clapston,01-01-2022
189,mromayne58@narod.ru,mromayne58,QemkuCwr,Madlin Romayne,27-06-2020
190,awenger59@europa.eu,awenger59,R8nF9iZ,Alex Wenger,04-01-2022
191,lchiplin5a@gmpg.org,lchiplin5a,cw4oZ4A,Lucais Chiplin,11-08-2020
192,rvon5b@dyndns.org,rvon5b,6Jl47ritZS,Rhiamon Von Hindenburg,17-05-2022
193,kjamison5c@cafepress.com,kjamison5c,N822rWaMk9,Karylin Jamison,05-04-2022
194,mberzen5d@mit.edu,mberzen5d,uMdlBOabPke,Myrlene Berzen,27-05-2021
195,lmewes5e@deliciousdays.com,lmewes5e,xbX2WA,Lemuel Mewes,31-07-2022
196,astinson5f@berkeley.edu,astinson5f,UUOJx6D4rJ1Y,Alison Stinson,24-04-2023
197,pnewiss5g@wufoo.com,pnewiss5g,lGcEIkZ9p,Parnell Newiss,06-06-2023
198,dwilloughley5h@tinypic.com,dwilloughley5h,1yQOhNOuiHi5,Delinda Willoughley,15-02-2021
199,dkwiek5i@vk.com,dkwiek5i,Zo1ahrouP,Dniren Kwiek,08-01-2022
200,zcrush5j@theglobeandmail.com,zcrush5j,8JERh0TBO,Zachary Crush,30-01-2021
201,lviegas5k@mac.com,lviegas5k,ql0lu1RA7u,Lea Viegas,03-06-2023
202,jbarby5l@lycos.com,jbarby5l,3o6vWiK,Jourdan Barby,24-10-2020
203,jmccrae5m@gov.uk,jmccrae5m,K4OxbEER8f5,Jean McCrae,03-01-2020
204,mcellone5n@blogger.com,mcellone5n,zOUi9PF7EU,Madeline Cellone,06-05-2020
205,rstonbridge5o@who.int,rstonbridge5o,yHvSdT,Reidar Stonbridge,30-08-2020
206,dwoodnutt5p@indiatimes.com,dwoodnutt5p,GYaTloBtyb,Diahann Woodnutt,12-03-2023
207,cyashunin5q@t.co,cyashunin5q,QIq9IzC,Cyrus Yashunin,05-06-2020
208,kpietron5r@accuweather.com,kpietron5r,hN3RzhtFWOlU,Kial Pietron,13-02-2021
209,mschukraft5s@drupal.org,mschukraft5s,6rWh6GScnBVq,Micki Schukraft,03-04-2020
210,mstyche5t@java.com,mstyche5t,E4yCfxJ0UU,Moll Styche,13-04-2022
211,tblackden5u@ucla.edu,tblackden5u,mUuk9EaPs6X,Tait Blackden,27-09-2020
212,fkorneluk5v@ted.com,fkorneluk5v,uWp7c0Ae,Fayina Korneluk,14-08-2020
213,mhaselgrove5w@deliciousdays.com,mhaselgrove5w,a4yUhmN9mScn,Marketa Haselgrove,30-08-2022
214,wcorde5x@vimeo.com,wcorde5x,jRkxlWYKuuoI,Weylin Corde,03-04-2021
215,cautin5y@blogspot.com,cautin5y,c7VpuR5okOt,Curr Autin,30-12-2022
216,dpaulazzi5z@facebook.com,dpaulazzi5z,A0rtKD,Dwayne Paulazzi,07-02-2023
217,kpadgham60@opensource.org,kpadgham60,k4j5mawoUZT,Kalinda Padgham,02-07-2021
218,hodrought61@hubpages.com,hodrought61,oPWSyYSp,Hector O'Drought,22-11-2022
219,emordie62@imageshack.us,emordie62,e6xQ6Gw,Emilee Mordie,09-09-2021
220,brodman63@go.com,brodman63,XzMlEK,Beilul Rodman,16-11-2020
221,adrexel64@house.gov,adrexel64,bUAJeSDGQYED,Aurie Drexel,29-05-2020
222,lvashchenko65@blogs.com,lvashchenko65,ANMogGbKo,Lucius Vashchenko,12-07-2021
223,plilliman66@amazonaws.com,plilliman66,NZRbcAl,Parker Lilliman,24-03-2020
224,kpetroselli67@drupal.org,kpetroselli67,qTW8q6WdKFM,Kip Petroselli,30-01-2023
225,jeddins68@exblog.jp,jeddins68,ruhj4M,Jocko Eddins,22-10-2021
226,hshergold69@netvibes.com,hshergold69,p4UUKEi1ozr,Had Shergold,18-06-2020
227,rsorrie6a@sakura.ne.jp,rsorrie6a,8LNyJ7VnNjz,Rodrick Sorrie,27-03-2023
228,bbiggs6b@weibo.com,bbiggs6b,pG5wjQpWXD1,Belva Biggs,20-11-2021
229,bgeorgel6c@issuu.com,bgeorgel6c,ZA5JtS,Boone Georgel,12-01-2020
230,jo6d@icq.com,jo6d,03pfPZDz,Josee O' Liddy,22-02-2022
231,wnorley6e@miitbeian.gov.cn,wnorley6e,HXJTYI,Wolfie Norley,03-05-2023
232,dbernardino6f@about.me,dbernardino6f,FmWHIpwYp,Dory Bernardino,25-05-2021
233,kshand6g@last.fm,kshand6g,X2xlHUIkgqY,Kelby Shand,05-10-2020
234,bholbury6h@mapy.cz,bholbury6h,tGzO6qQR,Bendick Holbury,11-12-2020
235,ehedau6i@eepurl.com,ehedau6i,M4Hgkr,Elizabet Hedau,22-01-2021
236,schiese6j@sciencedirect.com,schiese6j,3rh0iK6at,Sander Chiese,26-05-2020
237,sbagwell6k@ycombinator.com,sbagwell6k,3FerKV,Sheffie Bagwell,20-01-2021
238,gdevonport6l@cam.ac.uk,gdevonport6l,3Woi1dWOG,Gilburt Devonport,01-01-2020
239,nsoldner6m@ask.com,nsoldner6m,2dXcKyd7,Norine Soldner,22-03-2023
240,lclapson6n@google.ca,lclapson6n,SiRyegtYk5x,Leroy Clapson,11-05-2023
241,tputtrell6o@live.com,tputtrell6o,UC9dzQFAA,Trstram Puttrell,04-10-2022
242,onealand6p@nba.com,onealand6p,exsbNFBX,Odell Nealand,17-02-2021
243,imckenzie6q@fastcompany.com,imckenzie6q,8DEKOtW6rt,Ignace McKenzie,30-07-2021
244,cpiet6r@blinklist.com,cpiet6r,9I51gHWrqM9I,Clem Piet,19-05-2023
245,ztunbridge6s@bloglines.com,ztunbridge6s,IOV92Wedgaf,Zachery Tunbridge,10-06-2020
246,wgusney6t@ifeng.com,wgusney6t,BIYKsWHHm8,Waldo Gusney,09-12-2020
247,bcattemull6u@harvard.edu,bcattemull6u,izFfBSMh,Becki Cattemull,18-11-2022
248,lmcfarlan6v@ask.com,lmcfarlan6v,eN4t9a2dqCjs,Leighton McFarlan,17-10-2022
249,nbusfield6w@nhs.uk,nbusfield6w,pHZ2ZM,Nonah Busfield,21-09-2022
250,dbossel6x@reuters.com,dbossel6x,sy77TLgU,Diane Bossel,23-08-2020
251,dcastano6y@fotki.com,dcastano6y,OxMF5s4,Debee Castano,02-05-2020
252,idavenhall6z@wiley.com,idavenhall6z,a7IwWVb,Inness Davenhall,13-05-2021
253,gpickhaver70@globo.com,gpickhaver70,jsKtZHVVoBQf,Gothart Pickhaver,07-01-2022
254,tkearns71@fema.gov,tkearns71,K94LJebFp,Thatch Kearns,08-08-2021
255,strinbey72@tamu.edu,strinbey72,csJr9cp,Siana Trinbey,30-07-2022
256,jsiggins73@walmart.com,jsiggins73,VIJ9kfe2yY0,Joan Siggins,12-09-2021
257,ayeatman74@census.gov,ayeatman74,KhnbeshrJ6H,Andreas Yeatman,27-05-2021
258,lmccleverty75@so-net.ne.jp,lmccleverty75,SG7L4uYcm,Leonardo McCleverty,02-02-2020
259,spavlata76@plala.or.jp,spavlata76,lAKXoOfE,Sansone Pavlata,12-11-2022
260,tbaudone77@google.cn,tbaudone77,5IK67W7g,Tabitha Baudone,05-03-2022
261,fglanert78@narod.ru,fglanert78,r2yWqX5lzT6,Fulton Glanert,12-01-2021
262,sbeminster79@fema.gov,sbeminster79,a3xi26tDdUr4,Stavro Beminster,02-02-2020
263,mlammin7a@bloglovin.com,mlammin7a,ywSDs6zAwTkD,Melvyn Lammin,14-12-2022
264,hgaynesford7b@pen.io,hgaynesford7b,ZOkjcLeG,Herman Gaynesford,21-11-2022
265,dpharro7c@engadget.com,dpharro7c,rvLSF3GEaKpX,Desi Pharro,29-01-2021
266,tgorringe7d@youtube.com,tgorringe7d,2kagdpPX2MoY,Tracie Gorringe,15-04-2020
267,jwallwork7e@examiner.com,jwallwork7e,5miVUaTwiZ77,Jsandye Wallwork,12-12-2021
268,mbutterwick7f@istockphoto.com,mbutterwick7f,AjDXu4mgmZp,Martino Butterwick,15-01-2022
269,pbayldon7g@topsy.com,pbayldon7g,j0vEubdjraTp,Prinz Bayldon,20-02-2022
270,bshailer7h@chron.com,bshailer7h,g7nmsPg,Brandi Shailer,17-02-2021
271,lbeharrell7i@cornell.edu,lbeharrell7i,mF4YnXG,Leonid Beharrell,18-04-2023
272,mdu7j@moonfruit.com,mdu7j,sw7AOIQMRR,Milzie Du Fray,07-05-2022
273,mchansonne7k@mtv.com,mchansonne7k,KDBuMUS,Myrlene Chansonne,25-08-2021
274,bgoatman7l@unblog.fr,bgoatman7l,fDuk8EuE4tVu,Baxy Goatman,01-09-2022
275,esmoughton7m@mashable.com,esmoughton7m,2yQAJm5E1jbv,Elyssa Smoughton,01-03-2021
276,mhayzer7n@fema.gov,mhayzer7n,bbgqvkzxyXdX,Maggee Hayzer,16-05-2023
277,jtetla7o@redcross.org,jtetla7o,OtZRao,Jack Tetla,31-03-2021
278,bborthwick7p@moonfruit.com,bborthwick7p,BTTqXD3,Beth Borthwick,21-03-2021
279,hcowan7q@nhs.uk,hcowan7q,Z4jiEMr,Herbie Cowan,22-05-2022
280,dbrower7r@odnoklassniki.ru,dbrower7r,18WfBonfz,Demott Brower,24-05-2022
281,dcowlas7s@spotify.com,dcowlas7s,NAgRCigom,Daffie Cowlas,08-01-2022
282,eporcher7t@ucsd.edu,eporcher7t,ffh8Ae6af,Evangelin Porcher,20-08-2021
283,mspiller7u@gnu.org,mspiller7u,SYJZqo,Mellisa Spiller,07-04-2023
284,opudden7v@cdbaby.com,opudden7v,yA5U7o,Oralla Pudden,06-01-2022
285,jewbanche7w@1und1.de,jewbanche7w,NrUyNbn5XgC,Jodi Ewbanche,20-01-2022
286,edaintrey7x@auda.org.au,edaintrey7x,WiIYxx4N6x,Em Daintrey,22-01-2020
287,alloyds7y@mail.ru,alloyds7y,EG04YZB6CNc,Augusto Lloyds,01-08-2021
288,lpaxeford7z@statcounter.com,lpaxeford7z,LLKL3s7,Licha Paxeford,27-01-2023
289,njohannesson80@studiopress.com,njohannesson80,Y6T04fskcvSl,Noellyn Johannesson,09-11-2021
290,sduesberry81@walmart.com,sduesberry81,85jJ4dupi,Sadella Duesberry,21-05-2021
291,tkalkofen82@imdb.com,tkalkofen82,94t4SZBrF7,Thaxter Kalkofen,20-08-2022
292,arockell83@digg.com,arockell83,NWlFoaV1v2,Aili Rockell,07-02-2021
293,flongbottom84@yandex.ru,flongbottom84,r016XpRO2I,Ferdinand Longbottom,14-04-2020
294,ktulloch85@cdbaby.com,ktulloch85,vN8ixRHS,Kelcie Tulloch,28-04-2020
295,arate86@nifty.com,arate86,TZZPskwyURys,Ana Rate,17-03-2021
296,shast87@bbb.org,shast87,EZehnzrK,Sianna Hast,08-03-2022
297,gwoolaston88@twitter.com,gwoolaston88,fxerfD,Granville Woolaston,29-11-2021
298,kemsden89@sitemeter.com,kemsden89,nrWWJi1nw3,Konrad Emsden,18-02-2022
299,fballs8a@sina.com.cn,fballs8a,fGSHqitoh1IK,Flori Balls,08-02-2020
300,ebenne8b@foxnews.com,ebenne8b,7rK0wb,Ed Benne,09-06-2022
301,sfenney8c@tmall.com,sfenney8c,D2LYgBjzvFk,Sam Fenney,16-05-2022
302,dgiraudo8d@cdc.gov,dgiraudo8d,vi7hiXRxf1e,Donetta Giraudo,12-04-2023
303,yrowberry8e@senate.gov,yrowberry8e,4KPhLC3Frg,Yulma Rowberry,20-07-2022
304,cmcphate8f@twitter.com,cmcphate8f,LnQXDHk,Con McPhate,13-08-2020
305,adoodney8g@jugem.jp,adoodney8g,5lO1sAr,Abigail Doodney,14-01-2020
306,gdove8h@over-blog.com,gdove8h,UBfhDQJmz,Gilberte Dove,14-09-2020
307,jstacy8i@about.me,jstacy8i,JlEFnSvjDS,Jarrett Stacy,05-06-2022
308,dchoupin8j@infoseek.co.jp,dchoupin8j,Tr4fQ6j7LiRC,Dinnie Choupin,27-10-2020
309,mshawcross8k@diigo.com,mshawcross8k,XyrlShEPhbzn,Maryrose Shawcross,27-10-2021
310,tteague8l@businessweek.com,tteague8l,1aNKQ05Bmz,Terencio Teague,25-03-2021
311,nredwing8m@unblog.fr,nredwing8m,NVYv4fBGTydF,Neall Redwing,16-11-2022
312,hkoubek8n@dropbox.com,hkoubek8n,kVI2QeuVvNGh,Hillie Koubek,05-06-2020
313,mtolson8o@bloglovin.com,mtolson8o,MjPdiwFDhqW7,Maegan Tolson,31-03-2020
314,mrosenstock8p@tripadvisor.com,mrosenstock8p,WZ262gU,Mauricio Rosenstock,11-08-2021
315,svossgen8q@acquirethisname.com,svossgen8q,HABdylUn,Sydney Vossgen,14-03-2023
316,aalben8r@theatlantic.com,aalben8r,ENiwNTZTXNA5,Anne-corinne Alben,13-09-2021
317,fgentner8s@photobucket.com,fgentner8s,ZyPmJegCKH,Francyne Gentner,27-04-2020
318,gcoveny8t@blog.com,gcoveny8t,FkHO9P3IGK,Georgie Coveny,15-04-2020
319,jmebius8u@canalblog.com,jmebius8u,45ff5k1opKC,Jamal Mebius,17-03-2020
320,kcapenor8v@intel.com,kcapenor8v,LSfBmj81yE,Kathryn Capenor,29-07-2021
321,bropars8w@google.nl,bropars8w,SGH3KEY8,Berry Ropars,04-01-2022
322,wtooze8x@reference.com,wtooze8x,7vNkg3,Wylie Tooze,09-09-2020
323,ameaney8y@vistaprint.com,ameaney8y,y8rHflxUUp,Albertina Meaney,09-06-2020
324,adarrell8z@prlog.org,adarrell8z,jlgwLhZmJC2,Allyn Darrell,17-05-2021
325,chanbridge90@g.co,chanbridge90,cXClUThl0,Cassandre Hanbridge,29-05-2022
326,ddacres91@yolasite.com,ddacres91,NpBiS9,Dwight Dacres,25-02-2023
327,kguihen92@loc.gov,kguihen92,HvVrUr2,Krishnah Guihen,21-09-2022
328,mdriver93@craigslist.org,mdriver93,ZdSVK6q0Fk,Merline Driver,01-01-2022
329,snoli94@behance.net,snoli94,2D9mwO3zd5Vz,Stacy Noli,30-07-2021
330,hbrusle95@omniture.com,hbrusle95,bbDQ3k0t,Hyacinth Brusle,08-04-2021
331,bfetherstonhaugh96@jimdo.com,bfetherstonhaugh96,3exKYcHY8UPh,Brandyn Fetherstonhaugh,01-07-2021
332,pgillion97@odnoklassniki.ru,pgillion97,MaCcBK,Peri Gillion,09-05-2022
333,awessell98@exblog.jp,awessell98,KC4ZfeTLw6,Antonino Wessell,29-01-2020
334,imenco99@ucsd.edu,imenco99,RtQrdCfcv,Iorgo Menco,04-11-2022
335,pheigold9a@i2i.jp,pheigold9a,R5fqx5iG0tuv,Paton Heigold,30-06-2022
336,mdibnah9b@mlb.com,mdibnah9b,w8tnmGyCzC,Margareta Dibnah,10-11-2021
337,psherar9c@naver.com,psherar9c,nHhqGHqyosa,Pierrette Sherar,02-12-2020
338,ljolland9d@jiathis.com,ljolland9d,B4LPhnWH,Lynn Jolland,27-12-2020
339,satchly9e@etsy.com,satchly9e,PdA4KcN,Sashenka Atchly,20-05-2021
340,cklug9f@dedecms.com,cklug9f,kf7u8JyQx,Cristabel Klug,17-04-2020
341,kclubbe9g@blinklist.com,kclubbe9g,8IvGitNCt,Kimberlee Clubbe,24-10-2021
342,sbiagioni9h@cisco.com,sbiagioni9h,xjcEsElK0n,Sheila-kathryn Biagioni,15-11-2020
343,rhelder9i@xinhuanet.com,rhelder9i,wLkcHXOD2Q0s,Rene Helder,08-03-2023
344,thebburn9j@gmpg.org,thebburn9j,TEw4YzVA4fF,Thom Hebburn,28-01-2021
345,mheinlein9k@merriam-webster.com,mheinlein9k,8TicVqW1Fs6,Matt Heinlein,15-05-2022
346,vphil9l@discuz.net,vphil9l,SCsvhs,Valdemar Phil,07-02-2021
347,mhowen9m@myspace.com,mhowen9m,0sxBLEJZ,Misty Howen,10-07-2022
348,rfossick9n@is.gd,rfossick9n,vu9vsvRE,Ring Fossick,15-01-2022
349,bguinn9o@google.com.br,bguinn9o,2azp1HPfNb,Belita Guinn,27-12-2022
350,ikrystof9p@weather.com,ikrystof9p,NcYazCl,Irma Krystof,13-03-2022
351,gearingey9q@mysql.com,gearingey9q,ekniyzZ,Georgine Earingey,09-01-2022
352,wpiner9r@vk.com,wpiner9r,S6Rnznv3,Winslow Piner,31-10-2022
353,dswenson9s@last.fm,dswenson9s,jSjyFY7A,Dacy Swenson,12-01-2022
354,nshury9t@ftc.gov,nshury9t,U9g6JQa,Nicko Shury,05-01-2020
355,ehabershon9u@shutterfly.com,ehabershon9u,vXzIdGGNR,Eulalie Habershon,20-10-2020
356,mgalpin9v@telegraph.co.uk,mgalpin9v,e3s9jOOEAdan,Melvin Galpin,18-10-2021
357,gbuckam9w@howstuffworks.com,gbuckam9w,zleicASyZ6pc,Gelya Buckam,05-01-2020
358,tweaver9x@behance.net,tweaver9x,El9sFTtyR,Thurston Weaver,09-08-2020
359,sdarwood9y@hao123.com,sdarwood9y,aZ3FNF0rMWy4,Samuel Darwood,22-06-2023
360,ftaylour9z@ft.com,ftaylour9z,JYsfJTu6NR,Frannie Taylour,15-10-2020
361,goadesa0@tripod.com,goadesa0,MgDf9ouOK,Gerek Oades,14-11-2021
362,mfillgatea1@intel.com,mfillgatea1,nWrAegc7uKu,Milena Fillgate,21-05-2020
363,shillitta2@mapy.cz,shillitta2,GyRUQhh,Sayre Hillitt,27-08-2021
364,blannona3@answers.com,blannona3,p8HRTfF,Bob Lannon,26-03-2023
365,sfustera4@businesswire.com,sfustera4,UqIAXyE3T,Sansone Fuster,08-02-2021
366,ksugga5@com.com,ksugga5,HEmHIrNsswFM,Karlik Sugg,06-11-2020
367,lwestbrooka6@51.la,lwestbrooka6,GPkE2pKmi,Lotte Westbrook,22-07-2021
368,cwarlowea7@tinypic.com,cwarlowea7,2Uy6UjpF,Cornall Warlowe,17-04-2020
369,mbembricka8@blinklist.com,mbembricka8,34L13zBlnA,Maggi Bembrick,04-06-2022
370,lcantoa9@t-online.de,lcantoa9,kt0s5UXxk3,Leoline Canto,17-02-2021
371,cmerrickaa@sciencedirect.com,cmerrickaa,gd0SB74sz8RG,Carlota Merrick,14-08-2022
372,egabbatab@archive.org,egabbatab,IZLkV5dplSj,Eliza Gabbat,28-07-2022
373,kbiaggioliac@omniture.com,kbiaggioliac,ah5rdtD5,Ken Biaggioli,03-07-2022
374,coseltonad@adobe.com,coseltonad,4zb747N,Chucho Oselton,29-07-2020
375,amclennanae@paypal.com,amclennanae,0GCBOtyq,Ardisj McLennan,13-10-2021
376,pchatainaf@hibu.com,pchatainaf,Ld0lITm5zTZ,Porty Chatain,11-09-2022
377,edacthag@nifty.com,edacthag,zBAn5AnYPeJ,Enrico D'Acth,12-05-2021
378,cbrosioah@house.gov,cbrosioah,4oeMZhzYN,Charissa Brosio,03-01-2021
379,jbonafacinoai@deliciousdays.com,jbonafacinoai,mE6yqQ3,Joelle Bonafacino,29-04-2022
380,mjaysaj@artisteer.com,mjaysaj,Kv7DXnzF,Michaelina Jays,12-12-2021
381,malexandersenak@java.com,malexandersenak,500xS7,Melisande Alexandersen,27-09-2022
382,aelstonal@mail.ru,aelstonal,Fy7q1X,Alonzo Elston,27-03-2021
383,ajentetam@biglobe.ne.jp,ajentetam,hKQJjd,Arron Jentet,21-08-2020
384,hkinanean@canalblog.com,hkinanean,2ARJyy,Herrick Kinane,22-06-2022
385,sseerao@geocities.com,sseerao,VQmb5ZH,Sol Seer,09-02-2023
386,fkenafaqueap@1und1.de,fkenafaqueap,yfpvzGiruF,Fayth Kenafaque,07-10-2020
387,ldeaq@ed.gov,ldeaq,FR9nknWGlLTu,Lancelot De Giorgio,16-12-2021
388,otrammelar@hibu.com,otrammelar,EP8mB8XtZP2c,Ollie Trammel,16-01-2021
389,icrucesas@sciencedaily.com,icrucesas,oAKZe65,Ignatius Cruces,10-06-2021
390,hrumboldat@amazon.com,hrumboldat,qJJVwnf,Heath Rumbold,26-07-2020
391,chadwinau@senate.gov,chadwinau,9WT7bUF,Chaunce Hadwin,18-07-2022
392,dmocherav@gmpg.org,dmocherav,uZtg2VkZQD,Dita Mocher,16-12-2022
393,ldevoyaw@printfriendly.com,ldevoyaw,hAx7RYAy,Lory Devoy,17-04-2020
394,gwintourax@usda.gov,gwintourax,QjBmAY7YL7jG,Gerhard Wintour,31-01-2023
395,kdanesay@icio.us,kdanesay,d5GP9Snvwn4,Kerr Danes,06-02-2023
396,bantleyaz@omniture.com,bantleyaz,QsbQjo,Bowie Antley,09-08-2021
397,jlujanb0@chronoengine.com,jlujanb0,i5Epmta9t,Jamie Lujan,13-11-2022
398,mkempsonb1@senate.gov,mkempsonb1,ZmBrigl,Murry Kempson,15-04-2021
399,bchithamb2@nymag.com,bchithamb2,EKdtMeru0dZ,Brynne Chitham,13-02-2020
400,xgatwardb3@histats.com,xgatwardb3,6hkmNcu2CixU,Xavier Gatward,22-09-2020
401,rshawelb4@123-reg.co.uk,rshawelb4,zLV5nGn,Rubina Shawel,13-12-2022
402,cdowdamb5@nhs.uk,cdowdamb5,MTODOtH,Cassy Dowdam,28-01-2022
403,pdefondb6@arizona.edu,pdefondb6,bUSzWP,Percival Defond,10-03-2023
404,opitsonb7@addtoany.com,opitsonb7,5y863cu,Orelle Pitson,28-04-2020
405,kbasilottab8@weebly.com,kbasilottab8,t0LJoB,Kiley Basilotta,30-07-2020
406,doconnollyb9@about.com,doconnollyb9,FTloHZerbkW,Domenic O'Connolly,01-08-2020
407,mstormontba@theguardian.com,mstormontba,tLOAcYo,Myrta Stormont,23-07-2021
408,lrebichonbb@csmonitor.com,lrebichonbb,yvsH3mzqVzEc,Laurene Rebichon,06-05-2021
409,rskeggsbc@woothemes.com,rskeggsbc,maY2tjw3Q32,Reinold Skeggs,06-04-2021
410,arattraybd@ustream.tv,arattraybd,LOtkTaZE,Angelique Rattray,24-05-2020
411,wscrinagebe@istockphoto.com,wscrinagebe,UdneKXv,Wallie Scrinage,22-03-2022
412,gcourtoisbf@fema.gov,gcourtoisbf,B5f9TIVsZDH,Gates Courtois,20-06-2022
413,cwittringtonbg@jalbum.net,cwittringtonbg,pfH7roEFvK7P,Carrissa Wittrington,23-01-2020
414,lfippebh@godaddy.com,lfippebh,r1CE6YMAp3,Lila Fippe,22-03-2020
415,dkinverbi@mashable.com,dkinverbi,oEc4kqsQRS,Dev Kinver,13-09-2020
416,ahymasbj@sphinn.com,ahymasbj,axyXpnICqwX8,Alanna Hymas,29-12-2020
417,atremolieresbk@plala.or.jp,atremolieresbk,GjOEEW,Amity Tremolieres,24-07-2021
418,epavicbl@flickr.com,epavicbl,mVNn6d9,Eachelle Pavic,27-09-2022
419,htotterdillbm@jiathis.com,htotterdillbm,W5T5hyFom7X7,Hedvig Totterdill,23-01-2022
420,vvinnicombebn@bigcartel.com,vvinnicombebn,byUwW0ICCM,Vin Vinnicombe,01-09-2022
421,mgarstangbo@wordpress.com,mgarstangbo,4HYuaKb8Q,Maryjane Garstang,15-06-2021
422,tboswellbp@webnode.com,tboswellbp,gLS8Pp4,Tory Boswell,18-06-2022
423,fmorridbq@php.net,fmorridbq,mbbzZb,Felicio Morrid,25-05-2021
424,aveartbr@canalblog.com,aveartbr,Rdur4H3siQNv,Annalise Veart,05-06-2020
425,sandreazzibs@dyndns.org,sandreazzibs,outMf79cu,Saraann Andreazzi,17-12-2022
426,wgrimoldbybt@wiley.com,wgrimoldbybt,yeqtZiKS,Willey Grimoldby,20-11-2022
427,bgebbiebu@hibu.com,bgebbiebu,7CXJPtcew5,Bary Gebbie,30-08-2020
428,kfairniebv@umich.edu,kfairniebv,mOILr68Ua,Konstantine Fairnie,17-03-2023
429,cnolleaubw@huffingtonpost.com,cnolleaubw,uZRoJn3xw,Christoper Nolleau,11-03-2023
430,cbadrockbx@miibeian.gov.cn,cbadrockbx,vL47nbsr,Charmine Badrock,19-06-2022
431,nhamlynby@jimdo.com,nhamlynby,MjaVsxvrr,Nedi Hamlyn,21-01-2022
432,lantatbz@google.co.jp,lantatbz,fx90uazQfqXs,Lyn Antat,24-05-2020
433,bcovelyc0@google.pl,bcovelyc0,bzC8sS5g,Berkeley Covely,20-09-2020
434,aboarleysonc1@photobucket.com,aboarleysonc1,PLNk9v5,Abbie Boarleyson,01-04-2020
435,sboakec2@1688.com,sboakec2,82dmQSxRAS,Stafford Boake,23-02-2021
436,aenriquezc3@bluehost.com,aenriquezc3,OawB4uajgy7,Addi Enriquez,15-11-2020
437,arosendahlc4@wikia.com,arosendahlc4,XWxAOXov,Ansell Rosendahl,19-06-2020
438,gholsallc5@ucoz.ru,gholsallc5,cWdZXZc,Geri Holsall,12-05-2021
439,abeertc6@list-manage.com,abeertc6,myMdb8mMfv,Adi Beert,09-05-2023
440,bmcrillc7@harvard.edu,bmcrillc7,8KhWk73frBs,Birgitta McRill,23-06-2020
441,aocarmodyc8@drupal.org,aocarmodyc8,yiOPBKA1CG,Antonio O'Carmody,17-04-2023
442,rchilcottc9@senate.gov,rchilcottc9,G5qs8EjXOLt,Risa Chilcott,06-12-2021
443,icorsellesca@drupal.org,icorsellesca,FFzgzLfs,Ingra Corselles,06-05-2023
444,jtadmancb@webeden.co.uk,jtadmancb,n0pm7CEllMw,Jethro Tadman,17-03-2021
445,lhasleycc@hexun.com,lhasleycc,ztFCoCW3,Luelle Hasley,08-12-2020
446,abrabantcd@altervista.org,abrabantcd,aWPTwjfXF7,Allix Brabant,09-03-2021
447,aviggersce@shutterfly.com,aviggersce,cKoRKSGN,Abba Viggers,23-01-2020
448,cswindincf@is.gd,cswindincf,MO5ivqnopKhX,Cleo Swindin,28-03-2023
449,pclerkcg@time.com,pclerkcg,KDneFdM86,Phillis Clerk,29-12-2022
450,kpepallch@google.cn,kpepallch,civNJq6,Kelbee Pepall,09-06-2022
451,cmcguirkci@sbwire.com,cmcguirkci,62bt92,Cirilo McGuirk,19-05-2021
452,sbrackencj@youtube.com,sbrackencj,efKkJA4c,Shepherd Bracken,03-01-2022
453,amatussevichck@sun.com,amatussevichck,REBhpZKpDjT,Adamo Matussevich,10-12-2021
454,pbeningfieldcl@senate.gov,pbeningfieldcl,fTwl0gBzmI,Penny Beningfield,31-08-2020
455,jfarghercm@merriam-webster.com,jfarghercm,nSYOT391,Jaclin Fargher,20-05-2021
456,atheodoriscn@geocities.com,atheodoriscn,ZtOPqs6HT,Almira Theodoris,06-01-2021
457,mnorsisterco@live.com,mnorsisterco,1VIDzuJ5bxmd,Manny Norsister,01-12-2021
458,jjagsoncp@feedburner.com,jjagsoncp,cNSPYzBdWq,Jan Jagson,02-04-2020
459,cprickettcq@w3.org,cprickettcq,pVpat6Ga,Chas Prickett,07-01-2020
460,dlaminmancr@statcounter.com,dlaminmancr,ANXTM38,Doy Laminman,30-12-2021
461,jdecs@yelp.com,jdecs,wiokbn7Eizgz,Jud De Vile,22-09-2022
462,sgladebeckct@loc.gov,sgladebeckct,y4Hk2z72Evn,Sheba Gladebeck,19-11-2022
463,sdunridgecu@ameblo.jp,sdunridgecu,byv4WoYMRER,Shay Dunridge,12-10-2021
464,dayrescv@merriam-webster.com,dayrescv,f3XN6dpm6PR,Dougie Ayres,15-05-2021
465,ewallscw@nationalgeographic.com,ewallscw,2YkIuUayCKG,Evered Walls,09-07-2022
466,ksheathercx@google.co.uk,ksheathercx,ozha10GIiY,Kat Sheather,30-08-2022
467,agrittoncy@mail.ru,agrittoncy,GBihRY,Andra Gritton,22-08-2022
468,hkisbeecz@marriott.com,hkisbeecz,b7KQ07Ln,Halsy Kisbee,29-10-2022
469,lboocockd0@mapy.cz,lboocockd0,U3UDhG3TQm,Lothario Boocock,07-09-2020
470,cgraftond1@jiathis.com,cgraftond1,WoMDBtO7TFv,Cam Grafton,30-07-2022
471,abrandaccid2@digg.com,abrandaccid2,Cu2DAK8npT,Ardenia Brandacci,28-11-2020
472,etattamd3@examiner.com,etattamd3,IiSgMRTnPie,Etan Tattam,21-07-2020
473,atucselld4@gizmodo.com,atucselld4,sx9Ygzwn,Arliene Tucsell,11-03-2022
474,ftanted5@abc.net.au,ftanted5,LSj5Yv,Farly Tante,11-05-2022
475,ptomkysd6@accuweather.com,ptomkysd6,M9PQuc7,Page Tomkys,31-05-2022
476,lhanaland7@chronoengine.com,lhanaland7,sTwK6tIUu,Laurel Hanalan,11-11-2022
477,dcaterd8@apache.org,dcaterd8,8TbWwxbM1pky,Daniele Cater,03-01-2020
478,pklosserd9@livejournal.com,pklosserd9,OnW3Elnaid,Perry Klosser,02-04-2020
479,aolehaneda@odnoklassniki.ru,aolehaneda,1lFyQAvC,Alfie O'Lehane,20-02-2022
480,njeremiahdb@patch.com,njeremiahdb,YCreIAOzQzi,Nita Jeremiah,01-04-2020
481,mkennaghdc@cnbc.com,mkennaghdc,wNpH2L67r1,Mahalia Kennagh,05-04-2023
482,obrodleydd@umn.edu,obrodleydd,B40VEEY7pP8,Ollie Brodley,14-03-2020
483,cdaintreyde@yahoo.co.jp,cdaintreyde,uG3Sfk5AdSv,Cam Daintrey,22-01-2021
484,khumesdf@exblog.jp,khumesdf,AKdTXH5y,Kassia Humes,17-05-2021
485,fegdaldg@mysql.com,fegdaldg,H9fkAUM,Fara Egdal,11-01-2023
486,rleatondh@cdc.gov,rleatondh,yslKpCD,Ralph Leaton,03-09-2021
487,ccaselladi@imdb.com,ccaselladi,64HazDs,Cosmo Casella,26-04-2021
488,hmartinettodj@cornell.edu,hmartinettodj,TbYYum1M,Herb Martinetto,18-01-2021
489,lduredendk@berkeley.edu,lduredendk,LVJN9Sfuo,Laurianne Dureden,24-11-2020
490,ereburndl@ezinearticles.com,ereburndl,LVShIG8Jd3e,Elbert Reburn,06-10-2022
491,dcamachodm@vkontakte.ru,dcamachodm,838GNKr7osD,Darlene Camacho,13-01-2020
492,bwitchallsdn@icio.us,bwitchallsdn,lFxH6w0swVN,Bary Witchalls,26-04-2021
493,igratrexdo@quantcast.com,igratrexdo,dL3y5Lc2cj,Isador Gratrex,25-01-2021
494,kyeudedp@yandex.ru,kyeudedp,FtkMi2GalEDR,Kendrick Yeude,21-07-2020
495,cgilleandq@gnu.org,cgilleandq,LmCDmWTRg,Cassandry Gillean,22-06-2023
496,bdodddr@squidoo.com,bdodddr,WoscNY,Britt Dodd,19-04-2020
497,jpiwallds@opensource.org,jpiwallds,F9UXStja,Jasmine Piwall,01-02-2020
498,cadairdt@state.gov,cadairdt,rEnFjFIVT1PM,Christie Adair,08-03-2020
499,koramdu@twitpic.com,koramdu,fqsaHHnVOQ,Kristen Oram,08-12-2020
500,gbasketfielddv@ucoz.ru,gbasketfielddv,r2zY0URJ6M,Gregorio Basketfield,17-10-2020
501,crampleydw@slate.com,crampleydw,q2OOH85PSFL,Constancy Rampley,01-12-2022
502,eledgleydx@live.com,eledgleydx,OlujeD,Elyssa Ledgley,23-04-2023
503,hleverentzdy@shop-pro.jp,hleverentzdy,HzH4ic,Homere Leverentz,13-05-2023
504,tmonceydz@china.com.cn,tmonceydz,XZwPaJv0,Trevor Moncey,18-09-2020
505,adreakine0@sphinn.com,adreakine0,GlPivfYEv,Atlanta Dreakin,23-03-2021
506,bismaile1@washingtonpost.com,bismaile1,0QJZxn0,Benedikt Ismail,19-03-2022
507,lbotee2@nasa.gov,lbotee2,VUjAgW,Leanora Bote,31-07-2021
508,shannae3@google.nl,shannae3,K6M9a5BGhv,Stacie Hanna,12-11-2020
509,adonohoee4@ebay.com,adonohoee4,vut4Fu1pU4Eb,Alonzo Donohoe,07-01-2021
510,jkrzysztofe5@devhub.com,jkrzysztofe5,5Yc8KG,Jermaine Krzysztof,20-08-2021
511,clenevee6@google.com,clenevee6,3b1CZo,Christy Leneve,06-05-2020
512,scopcotee7@123-reg.co.uk,scopcotee7,xHFjIocbRY25,Sella Copcote,04-02-2022
513,sberee8@tinyurl.com,sberee8,d1AHXIIAy,Shawnee Bere,06-11-2020
514,myeelese9@ebay.co.uk,myeelese9,7bLNlWak,Marti Yeeles,29-05-2023
515,ghaibelea@tiny.cc,ghaibelea,oqwzit7v,Ginger Haibel,19-09-2022
516,rterrellyeb@japanpost.jp,rterrellyeb,nEY4BRAuBjs,Rosanna Terrelly,22-05-2022
517,hcramec@ox.ac.uk,hcramec,sln6YgESXnk,Helena Cram,24-04-2021
518,rmarsoned@craigslist.org,rmarsoned,V7U0q1UX11I,Rhonda Marson,02-08-2022
519,hjuppeee@hhs.gov,hjuppeee,yF35I9toC,Hillary Juppe,04-05-2020
520,bespinheiraef@exblog.jp,bespinheiraef,crV0c5C,Brigham Espinheira,05-07-2021
521,npageleg@alexa.com,npageleg,B1g3StBkHJkN,Nolly Pagel,26-07-2021
522,lfihellyeh@multiply.com,lfihellyeh,qpV9n79q1,Lannie Fihelly,27-09-2020
523,csurgenerei@globo.com,csurgenerei,BF1kFnk3A,Cross Surgener,15-12-2021
524,ijurnej@alibaba.com,ijurnej,4Uz24PrkKDsT,Ilysa Jurn,16-11-2020
525,deilertek@guardian.co.uk,deilertek,uKzC82sr9vNy,Duff Eilert,10-05-2020
526,jdenisyukel@time.com,jdenisyukel,t12w9rDD1Btf,Jannel Denisyuk,31-07-2020
527,bsandilandsem@bravesites.com,bsandilandsem,eiFLFMlJZr,Bert Sandilands,14-05-2023
528,aandriesseen@examiner.com,aandriesseen,vooOZLJ,Adriana Andriesse,18-05-2020
529,dtabernereo@cafepress.com,dtabernereo,75mIBfvf1P,Deloris Taberner,18-09-2021
530,bsiddeleep@trellian.com,bsiddeleep,0AKR6yHo,Brook Siddele,01-12-2021
531,zstrutherseq@nps.gov,zstrutherseq,eJXhGQH3Sar,Zita Struthers,06-01-2023
532,hmatthewser@netscape.com,hmatthewser,y0kSrF9n,Hilda Matthews,17-07-2020
533,rmcalindenes@loc.gov,rmcalindenes,PMkU3v5f,Read McAlinden,17-03-2020
534,haistropet@ebay.com,haistropet,5jJ3Xz7O,Hugues Aistrop,01-02-2021
535,mrosoneeu@accuweather.com,mrosoneeu,bW0St3VqlC7,Marjorie Rosone,20-11-2022
536,wconleyev@unc.edu,wconleyev,Ij9nc3OmLX,Winny Conley,11-03-2022
537,wgentnerew@bloglines.com,wgentnerew,mY0EJAca,William Gentner,25-06-2022
538,doakenfullex@sohu.com,doakenfullex,KMIWYIhy,Daisi Oakenfull,06-05-2020
539,lhuckey@umich.edu,lhuckey,mzZTxVXusQ,Lucita Huck,09-12-2020
540,dskinnerez@imageshack.us,dskinnerez,FUxwlnsGy,Demetria Skinner,22-03-2023
541,fhenrotf0@edublogs.org,fhenrotf0,z7G5El4OWKq,Filip Henrot,26-12-2020
542,phaselhurstf1@yelp.com,phaselhurstf1,oX7MdcpEy,Paula Haselhurst,11-02-2020
543,drenvoisef2@dot.gov,drenvoisef2,iZGTym1q,Danya Renvoise,14-12-2022
544,mhemsteadf3@themeforest.net,mhemsteadf3,iCtaH88h,Mabel Hemstead,28-12-2022
545,nbudibentf4@census.gov,nbudibentf4,6t3xHEm,Norrie Budibent,26-01-2021
546,wrubinszteinf5@chron.com,wrubinszteinf5,3OL72lE,Waverly Rubinsztein,12-07-2022
547,emarmonf6@bbb.org,emarmonf6,2eDKNEAchB,Eileen Marmon,28-05-2023
548,lproudmanf7@prlog.org,lproudmanf7,RDkNGoAm,Leonhard Proudman,25-01-2020
549,hsesonf8@yandex.ru,hsesonf8,HFUkXK,Hube Seson,07-08-2022
550,kmarchbankf9@paginegialle.it,kmarchbankf9,mPAyKx,Koral Marchbank,07-06-2023
551,thoylesfa@shinystat.com,thoylesfa,kjmpHH0DHzWp,Tanya Hoyles,08-09-2020
552,mlawfordfb@lycos.com,mlawfordfb,Zgao3Bp2TP,Moreen Lawford,23-02-2023
553,jmixhelfc@ucoz.ru,jmixhelfc,9a8W9pM8NB,Jessalin Mixhel,14-02-2021
554,gdifd@desdev.cn,gdifd,qqZtQF,Giffard Di Francesco,01-04-2020
555,enewingfe@businessweek.com,enewingfe,OEgeA5QLG,Etty Newing,24-05-2021
556,seydelff@quantcast.com,seydelff,v3fozQETzSgL,Sascha Eydel,08-10-2020
557,sdunniomfg@tamu.edu,sdunniomfg,bByyvWJAbeu,Scottie Dunniom,24-05-2020
558,cjakabfh@accuweather.com,cjakabfh,t0dONa5d7,Cos Jakab,04-10-2020
559,hburrellsfi@hhs.gov,hburrellsfi,g7q2tlpbn,Harv Burrells,13-07-2021
560,asimonardfj@google.com.hk,asimonardfj,W6GR3QPjGAc,Aline Simonard,15-11-2020
561,gvanfk@usnews.com,gvanfk,zojvUDY,Giorgio Van den Dael,19-11-2021
562,cthreshfl@de.vu,cthreshfl,W1f4bUUE,Cyrill Thresh,07-12-2021
563,rsmoothfm@51.la,rsmoothfm,C3uVch6,Ruthi Smooth,19-02-2020
564,hsherwillfn@mozilla.com,hsherwillfn,ExKKmomuQ,Hermina Sherwill,18-06-2021
565,cthreadkellfo@thetimes.co.uk,cthreadkellfo,HWIcwtSc3Vj,Christina Threadkell,11-01-2023
566,pnobletfp@xrea.com,pnobletfp,IOBy3aCuZjq,Peterus Noblet,31-12-2022
567,rrubinovitschfq@w3.org,rrubinovitschfq,Btx7CpounN,Renate Rubinovitsch,01-11-2022
568,ecaddickfr@sitemeter.com,ecaddickfr,L24d7LNy2,Ezra Caddick,14-01-2023
569,fmacsharryfs@webs.com,fmacsharryfs,SaZYpFgSNOt,Fiona MacSharry,14-05-2023
570,rdykinsft@shareasale.com,rdykinsft,x7a5vwTmA,Rogerio Dykins,22-10-2020
571,bbrackenburyfu@smh.com.au,bbrackenburyfu,zxHmxVQRBl,Brita Brackenbury,20-09-2021
572,mtrevethanfv@youku.com,mtrevethanfv,C79dX85T,Millisent Trevethan,17-03-2023
573,aharbertsonfw@cbc.ca,aharbertsonfw,B0mI8yVn,Alexis Harbertson,06-08-2022
574,gsecretfx@salon.com,gsecretfx,uQYBbF3wg,Georges Secret,23-02-2022
575,spogefy@joomla.org,spogefy,zF4mhp,Stefano Poge,23-05-2023
576,mwaghornefz@nytimes.com,mwaghornefz,029EOa,Mac Waghorne,09-09-2022
577,rvedikhovg0@ed.gov,rvedikhovg0,RrqFOuJHJfev,Ricki Vedikhov,24-04-2020
578,pimpyg1@cam.ac.uk,pimpyg1,io4hX4eUSB9B,Pandora Impy,22-02-2022
579,mtrettg2@parallels.com,mtrettg2,DxYNZgJcKwS,Margaretta Trett,25-02-2020
580,jsnowsillg3@vkontakte.ru,jsnowsillg3,Y23ODuZih38,Jerri Snowsill,16-04-2023
581,rrugierig4@taobao.com,rrugierig4,VhsMh72l,Ricard Rugieri,26-12-2020
582,ostavesg5@opera.com,ostavesg5,r2D03Er1,Orazio Staves,07-03-2022
583,gwestmang6@mail.ru,gwestmang6,87vY2h3qM,Glenna Westman,19-08-2020
584,emoineg7@bbc.co.uk,emoineg7,d6puSIXNKx,Estrella Moine,18-03-2023
585,nfairheadg8@printfriendly.com,nfairheadg8,WWYEMzThp,Nappy Fairhead,25-09-2021
586,lfreddig9@sun.com,lfreddig9,RHfDpC,Leontyne Freddi,30-03-2023
587,cpetfordga@nationalgeographic.com,cpetfordga,zwAj6O3FnGcQ,Clair Petford,22-09-2020
588,iegglestonegb@over-blog.com,iegglestonegb,9VjlQG,Irwinn Egglestone,08-07-2022
589,dbarthelgc@hexun.com,dbarthelgc,wghwpQW,Dyanne Barthel,04-03-2022
590,sclendennengd@netscape.com,sclendennengd,k3a3WeS9p6Iv,Saxon Clendennen,17-06-2020
591,eblizardge@youku.com,eblizardge,oowxMv0,Eberhard Blizard,14-06-2020
592,rbockingsgf@reverbnation.com,rbockingsgf,9j7Gsqt0,Romain Bockings,26-01-2022
593,cfloundersgg@over-blog.com,cfloundersgg,8sdASBd3ynMV,Clarissa Flounders,22-02-2020
594,smangangh@hostgator.com,smangangh,IZsYzA4Ib,Sterne Mangan,16-02-2022
595,aproudlovegi@huffingtonpost.com,aproudlovegi,tllIRwOwUy0,Ardella Proudlove,20-03-2022
596,hvarlowgj@google.de,hvarlowgj,U1X9iy,Hogan Varlow,07-07-2021
597,ncafferygk@mayoclinic.com,ncafferygk,aQXjIL5mX,Nerti Caffery,02-04-2020
598,wluciusgl@t.co,wluciusgl,llBTBr,Windy Lucius,20-08-2021
599,jslippergm@imgur.com,jslippergm,B1qFYzxG,Jayme Slipper,02-06-2022
600,civashnikovgn@istockphoto.com,civashnikovgn,UEFtSU,Candis Ivashnikov,13-12-2021
601,ejacquestgo@dyndns.org,ejacquestgo,MLa09z2tQiR,Elisa Jacquest,24-06-2021
602,hkestertongp@a8.net,hkestertongp,Ij68M1,Halsey Kesterton,07-10-2021
603,fkelemengq@devhub.com,fkelemengq,3bTezZL,Flo Kelemen,08-01-2022
604,jeannettagr@forbes.com,jeannettagr,qd3C89ESaG6B,Juline Eannetta,12-10-2020
605,gstappardgs@engadget.com,gstappardgs,BANjyT,Goldi Stappard,28-02-2023
606,eguilaemgt@acquirethisname.com,eguilaemgt,6TTXv2,Erick Guilaem,06-08-2022
607,charlockgu@quantcast.com,charlockgu,7KwhvBYnZ,Carola Harlock,13-12-2021
608,hcloneygv@exblog.jp,hcloneygv,aijEWD2,Harwilll Cloney,15-10-2020
609,ebruntjegw@sciencedaily.com,ebruntjegw,vo9da30i,Ed Bruntje,21-08-2021
610,ejelleygx@so-net.ne.jp,ejelleygx,K05TE1Z,Eal Jelley,30-01-2020
611,eautygy@disqus.com,eautygy,HnaWRFhPcmA,Ev Auty,04-10-2021
612,emirrleesgz@mapquest.com,emirrleesgz,aoQO1zy,Elisha Mirrlees,07-09-2021
613,kcauderlieh0@themeforest.net,kcauderlieh0,yRFG6jldWkOQ,Kevon Cauderlie,20-07-2021
614,lcoathh1@drupal.org,lcoathh1,rUZNnSkrlHP3,Laryssa Coath,01-05-2021
615,kkarpfh2@digg.com,kkarpfh2,PfdtDw45jv2,Keely Karpf,25-04-2021
616,mupshallh3@soup.io,mupshallh3,EcTvwHc,Merrily Upshall,16-06-2020
617,oleyzellh4@unesco.org,oleyzellh4,ou35ffM,Otes Leyzell,02-01-2021
618,jpetkovich5@globo.com,jpetkovich5,UBOCYA2,Jaclyn Petkovic,04-03-2020
619,nconklinh6@cnet.com,nconklinh6,S1aOKBHnT,Nappie Conklin,28-10-2021
620,djackh7@youtube.com,djackh7,Nb3zW4n,De Jack,01-09-2022
621,lmerith8@bbc.co.uk,lmerith8,94G1JL8oH,Lovell Merit,22-01-2020
622,sduh9@about.me,sduh9,ImvGipEI24,Sophia Du Hamel,21-09-2020
623,dphippenha@dailymotion.com,dphippenha,1M2bfeDiu,Denice Phippen,04-07-2021
624,mianittihb@ycombinator.com,mianittihb,Kkec4FK,Meggy Ianitti,10-11-2021
625,ljonhc@ycombinator.com,ljonhc,h9Bgff9i,Lorry Jon,03-11-2020
626,cjentonhd@cocolog-nifty.com,cjentonhd,GcPrXk,Chicky Jenton,05-11-2021
627,wpozzohe@artisteer.com,wpozzohe,gOYEg4,Wes Pozzo,14-02-2023
628,blegathf@nifty.com,blegathf,xJ9nD9WxN957,Boy Legat,27-05-2020
629,rhatfullhg@gov.uk,rhatfullhg,zWANte7Mg,Rubi Hatfull,12-11-2020
630,rrackhh@altervista.org,rrackhh,LXN8AXyBs,Rurik Rack,22-04-2022
631,bspoorhi@1688.com,bspoorhi,hMrPSyl,Barbabra Spoor,19-02-2020
632,zvanstonehj@google.de,zvanstonehj,8SzoelkEj7,Zola Vanstone,02-12-2021
633,ericholdhk@youtube.com,ericholdhk,flzsSS,Ebony Richold,07-09-2022
634,kpfliegerhl@1und1.de,kpfliegerhl,KHkbrZIo8,Konstanze Pflieger,24-08-2020
635,tfriesehm@walmart.com,tfriesehm,hYyZG6cPMt,Tuesday Friese,16-03-2021
636,ahesshn@pcworld.com,ahesshn,ZtFq8jH6M9,Alvin Hess,20-06-2022
637,cgrealyho@macromedia.com,cgrealyho,E5xzCmg,Christoph Grealy,21-01-2022
638,ocrummayhp@themeforest.net,ocrummayhp,FZiUPJ,Otis Crummay,13-03-2020
639,fswansburyhq@theguardian.com,fswansburyhq,5olWtWOyiJ,Faustina Swansbury,18-05-2023
640,hfakehr@1und1.de,hfakehr,Xp9upQi,Hatti Fake,18-10-2021
641,scantonhs@paypal.com,scantonhs,e2tYKz,Sigismond Canton,29-10-2021
642,ggarrardht@usda.gov,ggarrardht,yFinAGE7P,Gregoor Garrard,17-09-2021
643,mbartzenhu@phpbb.com,mbartzenhu,xeLALHh6q,Malena Bartzen,22-02-2020
644,abareheadhv@ask.com,abareheadhv,o3Jh3pP5WMmQ,Antonino Barehead,15-01-2021
645,tcourtonnehw@artisteer.com,tcourtonnehw,NvCp5fjToP1,Tucky Courtonne,26-12-2022
646,aschouthedehx@ihg.com,aschouthedehx,BC53BG2,Abelard Schouthede,14-11-2021
647,ohubberthy@liveinternet.ru,ohubberthy,3VnfeVzCC7kt,Odilia Hubbert,14-10-2021
648,etaddhz@yolasite.com,etaddhz,rhDQJ3BO,Emmye Tadd,07-02-2022
649,egierthi0@edublogs.org,egierthi0,4pw6tZmP8d06,Etan Gierth,30-11-2022
650,claxei1@t.co,claxei1,INwki8,Cookie Laxe,11-10-2022
651,aoilleri2@dailymotion.com,aoilleri2,yC4AQRcQJf,Annabella Oiller,30-05-2021
652,dshallikeri3@businesswire.com,dshallikeri3,w7OCW3F,Dulcie Shalliker,27-06-2020
653,hsirli4@usa.gov,hsirli4,stuYwLMW2,Hinze Sirl,29-01-2022
654,zorboni5@microsoft.com,zorboni5,Kv2wVYvV,Zeke Orbon,28-06-2022
655,ematzeitisi6@blogtalkradio.com,ematzeitisi6,8unCeKrAA,Ester Matzeitis,02-02-2022
656,adwirei7@ucoz.ru,adwirei7,JGH18hWJR,Alex Dwire,22-05-2023
657,kyellowleesi8@slideshare.net,kyellowleesi8,VEJ8VXUmM,Kerianne Yellowlees,09-04-2020
658,avancei9@oracle.com,avancei9,WRF0yXWAkFvf,Arlyne Vance,05-04-2022
659,hegginsonia@state.tx.us,hegginsonia,GViz4F,Hugues Egginson,03-04-2020
660,jibbottib@godaddy.com,jibbottib,fLCIdx,Jereme Ibbott,13-02-2022
661,apetraschic@blogs.com,apetraschic,pzdP7XVyTS,Anica Petrasch,22-03-2020
662,kantunesid@huffingtonpost.com,kantunesid,UGpBhgXSsp,Klarrisa Antunes,18-01-2022
663,kreppie@opera.com,kreppie,0P8R9jo,Klemens Repp,05-12-2021
664,sthorneloeif@about.com,sthorneloeif,r0EUQQzyPHq,Shaw Thorneloe,28-12-2021
665,jnapierig@reverbnation.com,jnapierig,08jF5fYGzfII,Josephine Napier,29-08-2022
666,qgodbertih@miitbeian.gov.cn,qgodbertih,1c5BHQGekL,Quinton Godbert,08-03-2022
667,jcoilsii@ezinearticles.com,jcoilsii,c7ljDzHB2e,Juliane Coils,28-05-2023
668,mcarnallij@facebook.com,mcarnallij,L7hvD5,Maurene Carnall,28-03-2021
669,acovetik@ucla.edu,acovetik,by7i3BrMIF9B,Alfonso Covet,03-03-2022
670,hquinceil@xinhuanet.com,hquinceil,lhCpJ3q3LA,Herta Quince,04-01-2021
671,plowtenim@google.com.au,plowtenim,cyQSrj5QgEvu,Philbert Lowten,29-03-2021
672,ncourteneyin@list-manage.com,ncourteneyin,4Yw0QMaAL,Nester Courteney,18-04-2022
673,rkehriio@acquirethisname.com,rkehriio,JbJ8zQpNwLQ,Rafaello Kehri,04-03-2020
674,sbuttressip@ucla.edu,sbuttressip,PyBbXiIpFTnY,Sinclair Buttress,01-01-2022
675,aronaniq@themeforest.net,aronaniq,IrxlcBlZs,Ana Ronan,22-08-2020
676,iglanesterir@seattletimes.com,iglanesterir,f98GwRCgs7L,Ingunna Glanester,10-01-2020
677,bhawsbyis@time.com,bhawsbyis,j76gLQ,Brit Hawsby,25-07-2021
678,ggerleitit@example.com,ggerleitit,9DWtVo,Gualterio Gerleit,07-02-2022
679,fkynetoniu@acquirethisname.com,fkynetoniu,0RdztkPfxX5J,Fonsie Kyneton,03-06-2022
680,fconisbeeiv@amazon.de,fconisbeeiv,Cq1VdsYnYC,Fanchon Conisbee,18-08-2022
681,bdearmaniw@blog.com,bdearmaniw,N6863Wwi,Bobbee Dearman,08-03-2020
682,vhowsamix@oaic.gov.au,vhowsamix,cVTeVRC,Vernor Howsam,12-02-2023
683,abodkeriy@youku.com,abodkeriy,Js4AFp2HmQ,Amalea Bodker,03-06-2020
684,akippinsiz@techcrunch.com,akippinsiz,Jz4Czij,Alina Kippins,16-11-2022
685,cogerj0@fc2.com,cogerj0,GyGMDfvFt63,Cynthy Oger,09-08-2021
686,bmacj1@state.tx.us,bmacj1,hDt617cdK4iN,Bibbye Mac Geaney,09-10-2021
687,gbrewinj2@icq.com,gbrewinj2,VJ83wiJZGwx,Grannie Brewin,17-01-2022
688,sskerrattj3@123-reg.co.uk,sskerrattj3,ET2V7S5Xx1tL,Scottie Skerratt,15-07-2022
689,zwanstallj4@imageshack.us,zwanstallj4,lzQbxl,Zondra Wanstall,18-08-2022
690,lcorroyerj5@state.tx.us,lcorroyerj5,uPMulHUCIP5o,Lissy Corroyer,01-12-2022
691,awynrahamej6@netvibes.com,awynrahamej6,v9eJETg,Auberon Wynrahame,19-09-2022
692,iolneyj7@ow.ly,iolneyj7,Y0HFiccUQ,Idaline Olney,26-04-2021
693,kmacmurrayj8@addtoany.com,kmacmurrayj8,Vlbx750G718Z,Kenneth MacMurray,26-12-2022
694,dtempletonj9@imdb.com,dtempletonj9,0ch3oXPh,Darcee Templeton,31-10-2021
695,iantliffja@artisteer.com,iantliffja,gX4i56Rly,Imelda Antliff,21-05-2023
696,calexisjb@godaddy.com,calexisjb,XsuTdF64gZ,Collete Alexis,27-05-2022
697,ctunyjc@webeden.co.uk,ctunyjc,jA0DVY,Cherise Tuny,08-09-2021
698,bdummiganjd@vinaora.com,bdummiganjd,lvS6J8Ep6bbB,Britni Dummigan,07-12-2021
699,bknaggesje@jimdo.com,bknaggesje,hOcw9tbD45p9,Baird Knagges,11-02-2022
700,ocaldecuttjf@blogs.com,ocaldecuttjf,KY0FIW0qS,Opalina Caldecutt,06-07-2022
701,bswalweljg@ucsd.edu,bswalweljg,Nnfi0l,Buiron Swalwel,07-12-2021
702,dbirkenshawjh@google.ru,dbirkenshawjh,sQMXbnsWd0zZ,Duffy Birkenshaw,09-12-2022
703,zposnerji@sun.com,zposnerji,y6fGa8OFXRNV,Zaria Posner,20-02-2020
704,rwaitjj@newsvine.com,rwaitjj,m8B0xA,Roman Wait,09-06-2023
705,fyoungmanjk@illinois.edu,fyoungmanjk,229MGRLr,Faith Youngman,13-10-2022
706,nminnettejl@spotify.com,nminnettejl,prqwHAzDhNS,Nichol Minnette,22-03-2022
707,mgeeringjm@china.com.cn,mgeeringjm,5LOOaReQ1,Marlie Geering,24-04-2021
708,iteodorskijn@webeden.co.uk,iteodorskijn,8EBHuHp5,Ingaberg Teodorski,14-03-2020
709,arunnallsjo@deliciousdays.com,arunnallsjo,o0CfWU,Astrix Runnalls,21-06-2022
710,etesyrojp@huffingtonpost.com,etesyrojp,8wmGcWhUz,Eleonore Tesyro,23-05-2020
711,elanslyjq@newyorker.com,elanslyjq,h82WyQUZJMj,Elysee Lansly,22-05-2022
712,mquartermainejr@sun.com,mquartermainejr,6L77Y2A,Megan Quartermaine,29-04-2022
713,adarkjs@yale.edu,adarkjs,51IOhJF1Iv46,Anny Dark,17-03-2022
714,rcordelettejt@prweb.com,rcordelettejt,NhtsMgr,Rosita Cordelette,12-12-2021
715,gbradenju@lycos.com,gbradenju,AfDHG4,Garv Braden,11-05-2023
716,pmcgeachiejv@digg.com,pmcgeachiejv,dzNxLmIQ3jag,Paula McGeachie,19-10-2022
717,dheavenjw@cam.ac.uk,dheavenjw,O884OaL,Dieter Heaven,06-01-2022
718,ghedditchjx@t-online.de,ghedditchjx,dZgh5sBinAtU,Grace Hedditch,28-11-2022
719,tguiverjy@ifeng.com,tguiverjy,vKLxGy6ZM,Tymon Guiver,28-02-2023
720,rgingeljz@soundcloud.com,rgingeljz,4a2RggP1g,Rochester Gingel,28-11-2020
721,cwaddilovek0@abc.net.au,cwaddilovek0,l9UwPIO,Cleo Waddilove,04-10-2021
722,drebillardk1@va.gov,drebillardk1,MvzO4FVR9Z,Doy Rebillard,04-04-2020
723,amapstonk2@over-blog.com,amapstonk2,XcXkZehb,Anders Mapston,03-09-2020
724,tgrimek3@yahoo.com,tgrimek3,24G9hJoApOU,Tybie Grime,27-11-2021
725,rpreonk4@bizjournals.com,rpreonk4,PhCoB6x,Ronda Preon,15-08-2020
726,mpiddockk5@ezinearticles.com,mpiddockk5,VCjuIMB33Cr,Marsiella Piddock,06-11-2020
727,cwincomk6@biblegateway.com,cwincomk6,RdhsIEVRj,Claudette Wincom,29-03-2023
728,ahowickk7@arizona.edu,ahowickk7,BB3DH7jj,Aguste Howick,05-03-2023
729,jkoenraadk8@elpais.com,jkoenraadk8,cNwc0iU,Junina Koenraad,28-05-2020
730,bpaulak9@omniture.com,bpaulak9,Y2zPwkO4hy8S,Brucie Paula,21-10-2020
731,chamsleyka@mysql.com,chamsleyka,wkV8cVkiG8j,Cicily Hamsley,06-01-2020
732,ddottrellkb@newsvine.com,ddottrellkb,yrfykOBuXZy,Dix Dottrell,09-01-2021
733,njudsonkc@is.gd,njudsonkc,VkJJza3pIwR3,Nikolaus Judson,05-12-2021
734,mpalfremankd@seattletimes.com,mpalfremankd,Iu8AKS3D,Marley Palfreman,28-05-2023
735,bdowkerke@icq.com,bdowkerke,VqZXN28k3bs2,Becki Dowker,25-01-2021
736,aoaktonkf@netscape.com,aoaktonkf,kYjNBG,Agneta Oakton,20-06-2022
737,ssimkinskg@spiegel.de,ssimkinskg,fVfFcmQhD0zS,Stephanus Simkins,16-04-2022
738,jlafflinkh@hugedomains.com,jlafflinkh,xqHRIJJ1,Jo Lafflin,12-05-2022
739,eigoeki@newyorker.com,eigoeki,YaMe1h1,Emili Igoe,25-08-2020
740,hwhittallkj@rambler.ru,hwhittallkj,ELSfoBmaFvJ,Horacio Whittall,15-02-2023
741,cschuhkk@smh.com.au,cschuhkk,vwM2uGqunyNl,Cyndia Schuh,24-02-2021
742,ecarolinekl@go.com,ecarolinekl,wM3C9QEDMsqQ,Erastus Caroline,01-12-2021
743,ngalpinkm@msn.com,ngalpinkm,Qp2RY68dkg,Nadiya Galpin,27-03-2022
744,tfisbeykn@ow.ly,tfisbeykn,aMnn50puwqK,Tallou Fisbey,14-02-2023
745,djewsonko@google.nl,djewsonko,tHrc6k,Davin Jewson,12-07-2020
746,smcgovernkp@huffingtonpost.com,smcgovernkp,oecx182gz,Selle McGovern,05-08-2021
747,cscotlandkq@google.co.uk,cscotlandkq,WjeDr7JU7,Celestina Scotland,04-10-2021
748,mfitchenkr@sohu.com,mfitchenkr,RyuzA4DcPD8D,Monah Fitchen,18-03-2023
749,ssutherdenks@homestead.com,ssutherdenks,gRiC0N,Seumas Sutherden,23-05-2023
750,bscamadinkt@deliciousdays.com,bscamadinkt,RyjxmPN3Y,Barton Scamadin,03-06-2021
751,rhancoxku@imgur.com,rhancoxku,ACww18r,Rubia Hancox,25-10-2020
752,nboudkv@independent.co.uk,nboudkv,5iK1NTL6,Nappy Boud,11-03-2022
753,csponderkw@cocolog-nifty.com,csponderkw,xBZF5ThPBo,Claudio Sponder,21-03-2021
754,sashmentkx@gizmodo.com,sashmentkx,QVpH5W9EyG,Steffie Ashment,13-12-2022
755,epiggfordky@state.gov,epiggfordky,JiiNZlZET,Emmi Piggford,13-11-2022
756,jodonohuekz@netvibes.com,jodonohuekz,XnP6Dll0qa,Job O'Donohue,18-05-2022
757,stitterrelll0@cornell.edu,stitterrelll0,XIRgPOu,Sallee Titterrell,12-02-2021
758,apondel1@rediff.com,apondel1,pHbwf398p7z,Annabal Ponde,15-07-2021
759,ccambridgel2@wp.com,ccambridgel2,HYwnP2ccS,Conway Cambridge,23-11-2022
760,wgronewayl3@ed.gov,wgronewayl3,5zmG8yAC,Waylon Groneway,25-05-2022
761,npostlel4@whitehouse.gov,npostlel4,D9j1NGDsVlm,Nadeen Postle,08-09-2021
762,jwandenl5@merriam-webster.com,jwandenl5,Wnw768t1YRbd,Jake Wanden,10-04-2022
763,rmccreeryl6@ted.com,rmccreeryl6,TYu1lbMkg,Riannon McCreery,26-11-2020
764,wcavanl7@paginegialle.it,wcavanl7,QKSkPX,Wilburt Cavan,08-02-2022
765,mmicol8@mac.com,mmicol8,kBzoC9,Milka Mico,01-10-2022
766,kungerechtsl9@imdb.com,kungerechtsl9,gkQAe97O8B,Katha Ungerechts,20-03-2022
767,amooganla@columbia.edu,amooganla,woAH8l8JpxH,Ardelis Moogan,18-06-2023
768,mnormanvillelb@youtu.be,mnormanvillelb,G9bDNnDc9t,Mela Normanville,10-12-2020
769,bjeskinlc@ed.gov,bjeskinlc,JAjV8y9v0l,Bette Jeskin,18-04-2021
770,fhansodld@cyberchimps.com,fhansodld,JyjdA7ytxU,Fanny Hansod,24-08-2022
771,jgollinle@wsj.com,jgollinle,HsakCYKy,Jared Gollin,04-08-2021
772,dbengtsenlf@netscape.com,dbengtsenlf,e4tpBD2NwMg,Demetre Bengtsen,28-04-2022
773,malanlg@cbc.ca,malanlg,f0usYPq2X,Moise Alan,02-12-2020
774,mfeldhammerlh@sphinn.com,mfeldhammerlh,FVKmVCXzy,Michell Feldhammer,17-07-2021
775,dfinnisli@time.com,dfinnisli,9hgoYp3pZg4k,Debera Finnis,03-04-2021
776,sspraginglj@berkeley.edu,sspraginglj,OuLClZB,Samuel Spraging,03-08-2022
777,bsibbaldlk@jigsy.com,bsibbaldlk,rXy60FAjylo,Bell Sibbald,10-09-2022
778,ttilbrookll@dell.com,ttilbrookll,1k9B7wFuMVls,Ted Tilbrook,30-08-2020
779,awindibanklm@squarespace.com,awindibanklm,mwfmti,Anjanette Windibank,20-04-2022
780,ttremellanln@jugem.jp,ttremellanln,3z1CnQ8O,Tiffie Tremellan,24-04-2023
781,tschwandermannlo@mozilla.com,tschwandermannlo,n8EECQ,Tamas Schwandermann,31-10-2020
782,zwilcocklp@forbes.com,zwilcocklp,4jfFFX4YP,Zachary Wilcock,06-02-2021
783,jmarmionlq@diigo.com,jmarmionlq,aXcDBt3JRA9w,Judah Marmion,24-11-2020
784,dhymerslr@w3.org,dhymerslr,ErXjUP7O,Doug Hymers,14-08-2022
785,bcrichls@blinklist.com,bcrichls,wMZxThior6P,Byrom Crich,08-04-2022
786,tplowmanlt@chronoengine.com,tplowmanlt,yKRqPOkV,Talia Plowman,01-12-2020
787,mlissendenlu@independent.co.uk,mlissendenlu,1tMLrAOKZV,Mikel Lissenden,08-10-2022
788,amarjotlv@springer.com,amarjotlv,83QASRdwOxN,Alexandra Marjot,30-01-2020
789,fdelw@youku.com,fdelw,HiHSnlV,Filmer De Freyne,02-03-2022
790,ddelx@businessweek.com,ddelx,JZbnRv1N,Dene De Carlo,17-06-2020
791,bfauschly@dot.gov,bfauschly,oILbJ1romlVC,Brandice Fausch,16-03-2022
792,lbooglz@engadget.com,lbooglz,xNVdj9U,Lorene Boog,18-01-2022
793,dclemmettm0@ebay.co.uk,dclemmettm0,LC9Y6Z,Deny Clemmett,06-07-2022
794,tpelzm1@mapquest.com,tpelzm1,4LHqVOb7YHX,Toinette Pelz,14-12-2021
795,wbaynardm2@ca.gov,wbaynardm2,TLsnBGXnsT0N,Wilma Baynard,26-10-2022
796,kbrydsonm3@house.gov,kbrydsonm3,lVCNNkhxgk,Kristy Brydson,20-03-2022
797,edenziloem4@utexas.edu,edenziloem4,0UXlWqk,Eartha Denziloe,27-07-2020
798,gnurdenm5@fema.gov,gnurdenm5,2Y5dUE,Gun Nurden,07-08-2022
799,ifallowm6@eepurl.com,ifallowm6,Tnx7sLUA,Illa Fallow,17-06-2020
800,mstruthersm7@arizona.edu,mstruthersm7,X7juTMI95ZL,Morgan Struthers,21-03-2021
801,mkaubischm8@java.com,mkaubischm8,0AxYCSUpTlAu,Mercy Kaubisch,03-08-2021
802,kmartelm9@parallels.com,kmartelm9,wsZiJRPlGiGL,Karisa Martel,16-01-2023
803,iscurryma@smugmug.com,iscurryma,NHovMqPejQoh,Ingmar Scurry,28-11-2020
804,pdemb@uiuc.edu,pdemb,RnI2arJDtv,Page De Blasi,01-09-2020
805,bpindermc@unc.edu,bpindermc,qIENv8Krov,Byrann Pinder,04-07-2023
806,ekolakowskimd@google.nl,ekolakowskimd,FfXJqP,El Kolakowski,18-04-2021
807,mgoomesme@europa.eu,mgoomesme,D9jPxXk,Melly Goomes,18-05-2021
808,mmynottmf@usatoday.com,mmynottmf,QZPtLY6,Marcos Mynott,31-10-2020
809,taloshkinmg@nps.gov,taloshkinmg,a2ilDH,Theo Aloshkin,06-09-2020
810,isirettmh@amazon.co.uk,isirettmh,pBQ0in,Irma Sirett,16-12-2021
811,mtithacottmi@cafepress.com,mtithacottmi,koNUHBj1bmU9,Maude Tithacott,04-08-2021
812,mbattabeemj@csmonitor.com,mbattabeemj,eZgfJTpE,Miner Battabee,28-05-2023
813,vboomesmk@rambler.ru,vboomesmk,9K9CkFCDiYd,Vince Boomes,31-01-2020
814,eledingtonml@go.com,eledingtonml,NMPKWp1Eezc,Ewart Ledington,03-05-2020
815,dgabemm@who.int,dgabemm,IbWxAS,Dotty Gabe,04-01-2023
816,eextancemn@virginia.edu,eextancemn,fuXEb4Z,Ellwood Extance,02-10-2021
817,ttoomeymo@reference.com,ttoomeymo,OQH2ufH0oU,Trevar Toomey,11-10-2022
818,emarlmp@mozilla.com,emarlmp,IiYF2Y,Eveleen Marl,19-01-2023
819,mbonairemq@mail.ru,mbonairemq,14ar0bk,Marijo Bonaire,03-03-2021
820,epraundlmr@lulu.com,epraundlmr,XQBwjQ62zrnn,Emerson Praundl,27-02-2023
821,kbeinems@etsy.com,kbeinems,lMRXJzqDH1v,Kare Beine,26-01-2023
822,bbeevismt@imgur.com,bbeevismt,Y2RZlOlIhJ,Butch Beevis,26-01-2023
823,omcguffiemu@jigsy.com,omcguffiemu,fN8RyJKrOFa,Oliver McGuffie,04-01-2022
824,sdelieumv@360.cn,sdelieumv,4NES5lanC,Shurlock Delieu,05-05-2022
825,pcrainmw@businessinsider.com,pcrainmw,ZwROefcL,Phedra Crain,29-03-2020
826,jmccormackmx@jimdo.com,jmccormackmx,EidRQNu,Jeannie McCormack,02-09-2020
827,mletteressemy@deviantart.com,mletteressemy,9i9avTX,Mallory Letteresse,14-02-2022
828,rdunningmz@wsj.com,rdunningmz,wcNFDzTwUc,Rabi Dunning,02-02-2020
829,mobeirnen0@sciencedirect.com,mobeirnen0,ysFC7uk,Myra O'Beirne,28-06-2021
830,jboxelln1@mapy.cz,jboxelln1,IKu7wWz7iO,Jehu Boxell,01-07-2023
831,cfeatherstonen2@nyu.edu,cfeatherstonen2,SgoQvYMoU,Cyndy Featherstone,18-02-2023
832,cbrittlebankn3@google.com.br,cbrittlebankn3,waDCFO,Caldwell Brittlebank,06-03-2023
833,pmcniffn4@weibo.com,pmcniffn4,kDShqDc9SYc,Phip McNiff,24-05-2021
834,adewettn5@edublogs.org,adewettn5,ILYYnUE,Allix Dewett,27-06-2021
835,wsneesbyn6@lycos.com,wsneesbyn6,ozWKkvRyumql,Windy Sneesby,14-08-2021
836,fgodneyn7@mail.ru,fgodneyn7,76mPyNnYjuft,Fawnia Godney,11-04-2020
837,glampbrechtn8@admin.ch,glampbrechtn8,fsbvYa,Gnni Lampbrecht,20-01-2020
838,blatimern9@washingtonpost.com,blatimern9,07eaWyO,Bree Latimer,14-08-2021
839,rwinstonna@topsy.com,rwinstonna,VvjaXFAI,Reyna Winston,25-12-2020
840,mriltonnb@oracle.com,mriltonnb,ishsI8Drun9,Megen Rilton,21-12-2022
841,ltedstonenc@addthis.com,ltedstonenc,9oHW5i,Lin Tedstone,22-11-2020
842,rtuckernd@google.com,rtuckernd,iXTPNZdp,Robbi Tucker,12-11-2022
843,dguillermanne@meetup.com,dguillermanne,56HApw2hG,Dix Guillerman,26-05-2020
844,mbolleynf@blogspot.com,mbolleynf,RnKaSi,Minny Bolley,30-12-2022
845,gboyleng@yellowbook.com,gboyleng,WZXX6h,Gisella Boyle,15-10-2021
846,fboninh@drupal.org,fboninh,h58jjnmsGY5w,Flossi Boni,28-07-2022
847,cfilanni@lycos.com,cfilanni,anJqjD,Charita Filan,24-12-2021
848,kmcdarmidnj@flickr.com,kmcdarmidnj,rM9jWV4So,Kattie McDarmid,16-05-2021
849,rhyndesnk@sun.com,rhyndesnk,6mf0QT7,Ronnie Hyndes,25-09-2020
850,mdriffenl@quantcast.com,mdriffenl,XXe7r4,Madge Driffe,03-10-2022
851,gtrubshawenm@nsw.gov.au,gtrubshawenm,nIQuV1s,Gerty Trubshawe,12-05-2020
852,jbiddlecombenn@sogou.com,jbiddlecombenn,Up4I8bdbbz8v,Jewel Biddlecombe,26-05-2020
853,ckernerno@sogou.com,ckernerno,lYwHCxf3rJD,Cathe Kerner,07-06-2021
854,gboolenp@irs.gov,gboolenp,eOYiXCIG,Graig Boole,03-11-2022
855,gsneppnq@ted.com,gsneppnq,khM0NiIi,Gwenette Snepp,17-03-2020
856,lmccallumnr@fc2.com,lmccallumnr,76GCHZLxb,Leeann McCallum,20-06-2020
857,gklimptns@wikia.com,gklimptns,6f4fbiJST,Garth Klimpt,01-01-2020
858,tcorbertnt@lycos.com,tcorbertnt,l3xqJp2WCD,Tyrone Corbert,17-06-2021
859,ckehoenu@etsy.com,ckehoenu,WSHvwOk,Cullin Kehoe,28-03-2023
860,amuatnv@miibeian.gov.cn,amuatnv,VKKCeJOUaWu,Artair Muat,05-07-2022
861,eharpnw@cargocollective.com,eharpnw,b76hAIH2x7g,Erik Harp,18-12-2020
862,mdargavelnx@home.pl,mdargavelnx,TrcJ4aEW2,Marja Dargavel,22-01-2021
863,aeayrsny@google.pl,aeayrsny,fGXmDGBCZIm,Any Eayrs,06-07-2022
864,bwapplesnz@amazon.com,bwapplesnz,MgN7jXIBke,Bernardina Wapples,19-09-2022
865,amartineo0@admin.ch,amartineo0,NpDB6YA,Ariel Martine,08-05-2020
866,daxelbyo1@sitemeter.com,daxelbyo1,5Kc8ScUOcGPp,Diane Axelby,05-11-2021
867,hbrichamo2@sun.com,hbrichamo2,9uCp8PBVo,Hadrian Bricham,10-03-2022
868,hgerltso3@icio.us,hgerltso3,WNfOcLnw3,Hinda Gerlts,02-01-2020
869,alaukso4@timesonline.co.uk,alaukso4,piuyiWYDWiDZ,Aurelia Lauks,19-08-2021
870,rbraisbyo5@ebay.co.uk,rbraisbyo5,czusPScLmn,Raimondo Braisby,08-05-2021
871,fbilliono6@uiuc.edu,fbilliono6,clRF5aOqLn,Fredric Billion,31-03-2022
872,eyanovo7@admin.ch,eyanovo7,EcQzUbKpt5u,Erie Yanov,06-06-2021
873,ssworno8@va.gov,ssworno8,e4TqlzMlaE,Sydney Sworn,05-05-2023
874,sthebeo9@salon.com,sthebeo9,Qh46kme,Suzette Thebe,14-07-2020
875,tparisoa@netvibes.com,tparisoa,G8XiZOn6V,Tristan Paris,15-12-2022
876,fmceachernob@1688.com,fmceachernob,mLcRomkhQL9C,Francisca McEachern,20-06-2020
877,mmonaghanoc@e-recht24.de,mmonaghanoc,jFuDrB,Maurizio Monaghan,24-05-2021
878,ffilmerod@bluehost.com,ffilmerod,kA2QnSSi,Fredrika Filmer,18-05-2020
879,mcapitanooe@elpais.com,mcapitanooe,3IeUb3u,Margret Capitano,18-11-2022
880,catkinsof@mapy.cz,catkinsof,NbZdjexvbo9v,Cicely Atkins,02-12-2020
881,stolefreeog@virginia.edu,stolefreeog,Ys1YAELR7,Simonette Tolefree,13-05-2023
882,hpumphreyoh@noaa.gov,hpumphreyoh,nCZE25z84vi8,Harriett Pumphrey,31-12-2020
883,sbutterfilloi@meetup.com,sbutterfilloi,9vm38z1UZeq,Suzette Butterfill,07-09-2020
884,bschieferstenoj@hhs.gov,bschieferstenoj,OgfNfK1oOyap,Brunhilde Schiefersten,18-05-2022
885,bheapeok@who.int,bheapeok,Uq7SwURG,Bron Heape,14-07-2020
886,cbayldonol@devhub.com,cbayldonol,hB92ZAs30,Clare Bayldon,08-12-2020
887,bbartlomiejom@reference.com,bbartlomiejom,8bmkUi,Belia Bartlomiej,16-03-2022
888,tcasieroon@hhs.gov,tcasieroon,LHmfX4n,Travers Casiero,19-03-2022
889,tschroteroo@columbia.edu,tschroteroo,ms1Uq4,Teena Schroter,27-08-2022
890,rtregiddoop@cyberchimps.com,rtregiddoop,zPdOHSiuh,Rhodie Tregiddo,10-01-2021
891,gofihillieoq@latimes.com,gofihillieoq,3nKoZI,Georg O'Fihillie,01-08-2020
892,aharsor@squidoo.com,aharsor,i8C2IQ5Y,Arni Hars,07-04-2022
893,xbetseros@ox.ac.uk,xbetseros,VyVRWNIJsK6,Xylina Betser,08-12-2022
894,cmedlingot@fastcompany.com,cmedlingot,suTjClGf,Cirillo Medling,07-10-2021
895,cmckleodou@elegantthemes.com,cmckleodou,i2qnYOxOje2,Cathie McKleod,28-04-2022
896,bzaniolettiov@unblog.fr,bzaniolettiov,3e2NJKIeBFrR,Bealle Zanioletti,06-07-2020
897,cbellchamberow@va.gov,cbellchamberow,as6A7U9FDvaj,Carl Bellchamber,05-05-2023
898,dslocketox@sciencedaily.com,dslocketox,kMFayzkcwa,Dacy Slocket,19-01-2022
899,jivieoy@buzzfeed.com,jivieoy,zzMeZa,Jerome Ivie,10-10-2022
900,fdunckleyoz@1und1.de,fdunckleyoz,u55aBB1C,Flossie Dunckley,30-03-2021
901,vbiagip0@businesswire.com,vbiagip0,xxsPHqn,Valina Biagi,28-01-2020
902,cdooleyp1@bandcamp.com,cdooleyp1,9NEucwH,Caryl Dooley,12-11-2021
903,dlyptrattp2@eventbrite.com,dlyptrattp2,8atcJDXXF,Deck Lyptratt,03-04-2020
904,cgockep3@dedecms.com,cgockep3,zZNHKy6U0m,Caty Gocke,10-06-2021
905,atironp4@umich.edu,atironp4,UTv63A,Anabal Tiron,06-06-2023
906,cfowleyp5@amazon.co.uk,cfowleyp5,zbUT7gsVg,Cecilla Fowley,04-01-2022
907,amarquesp6@joomla.org,amarquesp6,VehDQg5wR,Aile Marques,19-05-2021
908,abakesefp7@bing.com,abakesefp7,DhHSqo4,Alexander Bakesef,21-03-2023
909,mduckhamp8@com.com,mduckhamp8,XBut9O9wNnNU,Marius Duckham,26-09-2020
910,cmertinp9@stumbleupon.com,cmertinp9,rZiQpp,Christine Mertin,17-11-2022
911,lgathpa@amazonaws.com,lgathpa,FCX8QxBo,Lanie Gath,02-05-2022
912,uwedmorepb@yandex.ru,uwedmorepb,tBFCnhH0ZJxT,Urban Wedmore.,28-01-2022
913,aroughsedgepc@redcross.org,aroughsedgepc,xU3UM4cMD4Gu,Auberta Roughsedge,23-12-2022
914,eelderkinpd@slate.com,eelderkinpd,qyyhfihA2f6,Ellynn Elderkin,26-12-2022
915,againsboroughpe@msn.com,againsboroughpe,1KzhKj,Aili Gainsborough,02-02-2023
916,rfrondtpf@shinystat.com,rfrondtpf,xr0j35wa,Rachel Frondt,03-06-2021
917,estentonpg@va.gov,estentonpg,erk6Q2PM,Eartha Stenton,05-05-2022
918,akurtph@patch.com,akurtph,uncvO98opsGL,Abby Kurt,07-04-2021
919,dkloskapi@chron.com,dkloskapi,X13wdE,Dell Kloska,10-05-2022
920,sdelacourtpj@fotki.com,sdelacourtpj,1ciC4eULivZo,Shela Delacourt,21-11-2020
921,alaurandpk@tinyurl.com,alaurandpk,buSWlbSCO,Agnesse Laurand,06-03-2023
922,olubertopl@si.edu,olubertopl,WZt3Oh94Vksq,Orel Luberto,25-06-2022
923,cbloompm@alibaba.com,cbloompm,klg7kbLZQWzm,Coraline Bloom,17-03-2023
924,aduddellpn@who.int,aduddellpn,WrBvYd,Annabell Duddell,03-05-2023
925,otonrypo@naver.com,otonrypo,3rwH6PqrY,Orran Tonry,29-04-2023
926,pconwspp@apache.org,pconwspp,a7G1xu1iVH,Paquito Conws,01-07-2021
927,ryorstonpq@cisco.com,ryorstonpq,OeTpOWshz,Rayner Yorston,08-08-2022
928,tdowleypr@toplist.cz,tdowleypr,zHoFTmjbNxVa,Timi Dowley,08-05-2020
929,rhaversumps@blogger.com,rhaversumps,0mWJpukV,Rene Haversum,13-09-2021
930,kstallybrasspt@latimes.com,kstallybrasspt,J2icQeCR,Kellia Stallybrass,27-11-2021
931,adictepu@t.co,adictepu,cG5AC61c,Alikee Dicte,22-04-2022
932,jwemespv@bizjournals.com,jwemespv,DYfgiGTx,Judah Wemes,08-01-2022
933,clivezeypw@sfgate.com,clivezeypw,oH0qT9m,Cindee Livezey,10-03-2023
934,ktabnerpx@stumbleupon.com,ktabnerpx,fwrncMwq25,Keenan Tabner,07-06-2021
935,cplainpy@bloglines.com,cplainpy,wUHX4FCP7WTL,Chrysa Plain,01-02-2022
936,ncoupepz@gmpg.org,ncoupepz,RTxJLPd75ED,Noak Coupe,20-03-2020
937,kgoulstoneq0@google.com.hk,kgoulstoneq0,WtMFuMcqNj,Karon Goulstone,01-09-2022
938,oberrisfordq1@twitter.com,oberrisfordq1,Q0vrEm4u,Othello Berrisford,20-01-2021
939,mthornhillq2@instagram.com,mthornhillq2,c0Ncz5nBpP,Mozelle Thornhill,22-08-2022
940,kmcguffq3@jugem.jp,kmcguffq3,0sUOCO,Kamillah McGuff,03-01-2023
941,rdominikq4@weather.com,rdominikq4,M16ZXd2IAXPN,Reese Dominik,03-07-2020
942,gupsaleq5@alibaba.com,gupsaleq5,WyHI46Wt,Guinevere Upsale,22-07-2022
943,fivanenkovq6@tripadvisor.com,fivanenkovq6,8kBb6uAS,Fitzgerald Ivanenkov,13-02-2022
944,hstallanq7@whitehouse.gov,hstallanq7,miBoR3aZNJc,Hodge Stallan,18-11-2022
945,ccarrickq8@independent.co.uk,ccarrickq8,56cLCP,Cami Carrick,01-02-2023
946,jwratesq9@bandcamp.com,jwratesq9,pxuwtq,Jeanelle Wrates,08-11-2020
947,agreenardqa@army.mil,agreenardqa,yaX5UisD5CE,Aurthur Greenard,24-09-2020
948,lvassallqb@delicious.com,lvassallqb,QnUauSAr,Laura Vassall,22-12-2021
949,arolfoqc@technorati.com,arolfoqc,1kozeA02vKe4,Abbi Rolfo,29-04-2023
950,driolfiqd@vistaprint.com,driolfiqd,wteQPVW,Dannel Riolfi,04-04-2022
951,lhallihanqe@g.co,lhallihanqe,hxZqKSLHw,Lilah Hallihan,26-06-2020
952,gfrosdickqf@ed.gov,gfrosdickqf,J2MA1D8cc7Bj,Gabbie Frosdick,20-03-2020
953,dcanaanqg@paginegialle.it,dcanaanqg,MRlZSN,Dennison Canaan,29-02-2020
954,lbodsworthqh@biglobe.ne.jp,lbodsworthqh,k0TU1DIef,Lira Bodsworth,29-07-2022
955,mglosterqi@wired.com,mglosterqi,kqSokuLlmX1,Merrick Gloster,09-06-2023
956,mharsumqj@cbsnews.com,mharsumqj,AZGEhBdEroh,Mycah Harsum,06-01-2023
957,holeaghamqk@surveymonkey.com,holeaghamqk,PzNQV9i,Hilarius O'Leagham,25-02-2020
958,wpetruskevichql@booking.com,wpetruskevichql,J77kGMwHuN,Willey Petruskevich,17-07-2020
959,pparrottqm@sun.com,pparrottqm,HWvgfD7AXE,Patricio Parrott,28-11-2022
960,eoakeyqn@usgs.gov,eoakeyqn,2zl0n7L,Ernesta Oakey,27-01-2021
961,sjestyqo@businesswire.com,sjestyqo,RCiaf1pQzAi,Sephira Jesty,21-12-2021
962,bbirchenoughqp@amazon.co.uk,bbirchenoughqp,c030BrWh,Beulah Birchenough,01-07-2022
963,nsabineqq@businessweek.com,nsabineqq,CvRwvhheIX,Nil Sabine,26-02-2021
964,kdargavelqr@elpais.com,kdargavelqr,5lAQeK1Wd,Keslie Dargavel,10-06-2020
965,wthickensqs@cargocollective.com,wthickensqs,LEzESVYznO,Willamina Thickens,06-02-2023
966,shottonqt@flickr.com,shottonqt,w0AEjd,Simon Hotton,26-08-2022
967,mfenimorequ@blogtalkradio.com,mfenimorequ,bBRvBos,Marcelo Fenimore,13-04-2020
968,dworlockqv@g.co,dworlockqv,fiQT1wJ,Doroteya Worlock,29-08-2021
969,qwichardqw@google.ca,qwichardqw,KwizUWaoUZB,Quincey Wichard,02-03-2022
970,mbageqx@weebly.com,mbageqx,S4yCPzb73CX,Marlon Bage,03-03-2020
971,ekirkbrideqy@cargocollective.com,ekirkbrideqy,sCUN4GoH,Emmy Kirkbride,05-08-2021
972,hbendelqz@rakuten.co.jp,hbendelqz,5Gn1B2Ab6,Hubert Bendel,15-07-2022
973,mbinfordr0@smugmug.com,mbinfordr0,aF0IA5oNCzbt,Malcolm Binford,01-02-2021
974,mvirrr1@prnewswire.com,mvirrr1,0PabOhCK,Murry Virr,02-11-2021
975,asparshettr2@about.com,asparshettr2,ouHqsSjN,August Sparshett,06-04-2020
976,hcrushr3@wordpress.com,hcrushr3,Vq6cVC,Hortensia Crush,10-10-2021
977,bcantorr4@mediafire.com,bcantorr4,i8oSQumn,Bella Cantor,08-01-2023
978,mdaveridger5@sohu.com,mdaveridger5,iHmcrZ,Man Daveridge,14-10-2021
979,bkordingr6@tiny.cc,bkordingr6,Jd51rypKfh3r,Barby Kording,27-12-2022
980,sjojicr7@technorati.com,sjojicr7,6QMM0SRVR9,Skipton Jojic,26-04-2021
981,jmattisssenr8@tmall.com,jmattisssenr8,gPgDHOWcTqe,Janos Mattisssen,05-06-2021
982,bchavesr9@t-online.de,bchavesr9,l5gSMoL5,Bank Chaves,15-02-2023
983,cvampouillera@youku.com,cvampouillera,GTag6i,Car Vampouille,20-10-2021
984,cgorbellrb@people.com.cn,cgorbellrb,cpJvQ7dFmTP,Cahra Gorbell,11-10-2021
985,llowseleyrc@bbb.org,llowseleyrc,2cYFfdnZ,Levon Lowseley,21-09-2022
986,ksleggrd@sakura.ne.jp,ksleggrd,69LmXDn4pWg,Kikelia Slegg,30-03-2022
987,mfrunksre@so-net.ne.jp,mfrunksre,puf45AVM5WC,Milka Frunks,07-10-2022
988,hmacpakerf@google.ru,hmacpakerf,GDfEhUg,Haleigh MacPake,26-01-2023
989,cslowlyrg@skyrock.com,cslowlyrg,ge8FHhJOY,Chrissie Slowly,18-06-2023
990,dlaurencotrh@about.me,dlaurencotrh,KiFvn53,Devon Laurencot,16-12-2021
991,vmuspratri@globo.com,vmuspratri,pLLbRRB,Virge Musprat,15-06-2022
992,rdimbylowrj@skyrock.com,rdimbylowrj,opSmMD87,Rozalie Dimbylow,26-01-2022
993,soutrightrk@guardian.co.uk,soutrightrk,88UCrn,Sarge Outright,12-08-2022
994,cnystromrl@etsy.com,cnystromrl,kVGhlQokB,Calvin Nystrom,20-06-2023
995,akemshellrm@nifty.com,akemshellrm,8Zz2kgAZt,Aaren Kemshell,11-02-2021
996,hvanrn@senate.gov,hvanrn,ipqnzt6FH,Henka Van Der Walt,25-01-2023
997,kruprechterro@amazon.com,kruprechterro,S2OWST,Kameko Ruprechter,29-11-2020
998,nbrecknockrp@constantcontact.com,nbrecknockrp,SdXcfqEu1R,Norma Brecknock,06-01-2020
999,fmatiasrq@networkadvertising.org,fmatiasrq,rcxdl7UJdW,Flossy Matias,29-08-2021
1000,fyousterrr@123-reg.co.uk,fyousterrr,3Sf2DPnEIv,Fleurette Youster,01-06-2020
1001,rcreasey0@yolasite.com,rcreasey0,pA7VqqXJsc,Ralph Creasey,27-05-2021
1002,naberchirder1@ihg.com,naberchirder1,IAznfGikgM,Nestor Aberchirder,02-01-2021
1003,chancorn2@shinystat.com,chancorn2,kX1N72Y6x,Crissie Hancorn,02-05-2023
1004,yelsegood3@nbcnews.com,yelsegood3,NKpcjOs3,Yvonne Elsegood,21-04-2020
1005,zbonhan4@scientificamerican.com,zbonhan4,LS5qfIkkVJ,Zak Bonhan,13-05-2021
1006,gtonge5@clickbank.net,gtonge5,gKRT2UTRZix,Gualterio Tonge,02-06-2020
1007,ahoward6@cargocollective.com,ahoward6,UNOsKscsT,Ailene Howard - Gater,14-11-2020
1008,strenear7@admin.ch,strenear7,EuYguaTTR,Sabine Trenear,26-05-2023
1009,cpietranek8@opensource.org,cpietranek8,Sut91V,Cammi Pietranek,29-04-2022
1010,kkief9@java.com,kkief9,rV9leSn,Karine Kief,20-12-2021
